callbacks,segment,callTime,isComplete,isContact,value
10,d,92,0,0,0
5,f,459,1,1,0
3,e,532,1,1,61
1,g,48,1,1,0
3,b,66,1,1,0
5,f,225,1,0,0
6,c,77,1,0,0
3,c,306,0,0,0
7,f,254,1,0,0
10,c,1610,0,0,0
9,c,207,1,0,0
5,e,170,1,0,0
3,c,437,1,0,0
3,b,145,1,0,0
3,d,759,1,1,993
5,c,243,1,1,0
4,f,1695,0,0,0
10,e,564,0,0,0
3,e,71,1,1,0
5,f,165,1,0,0
4,f,979,0,0,0
10,a,669,0,0,0
2,c,207,1,1,0
8,c,296,1,1,578
7,e,242,1,1,816
6,b,84,1,0,0
5,e,243,1,1,0
1,d,625,0,0,0
8,b,233,1,1,0
5,d,960,0,0,0
7,f,68,0,0,0
6,c,142,1,1,0
7,a,199,1,0,0
2,b,486,1,0,0
8,d,860,0,0,0
8,b,169,1,1,0
8,b,174,1,1,0
7,d,415,1,1,0
5,a,366,1,0,0
8,c,451,1,0,0
1,g,928,1,1,266
6,f,385,0,0,0
8,g,316,1,0,0
3,c,297,1,1,645
7,d,256,1,0,0
9,e,42,1,0,0
1,d,182,1,1,0
4,e,60,1,0,0
10,b,40,0,0,0
7,b,1180,0,0,0
2,a,49,1,0,0
3,e,275,1,0,0
1,a,188,1,0,0
2,d,8,1,1,0
3,b,70,1,1,0
2,g,99,1,1,0
2,c,409,1,0,0
10,d,70,1,0,0
3,g,250,1,0,0
9,a,418,1,0,0
8,e,299,1,1,97
9,a,1310,0,0,0
7,e,411,0,0,0
2,e,376,1,0,0
7,d,514,0,0,0
9,e,1140,0,0,0
10,b,1993,0,0,0
8,d,1114,0,0,0
8,b,299,1,0,0
1,g,641,0,0,0
3,d,366,1,0,0
7,c,388,1,0,0
1,a,178,1,0,0
1,e,123,1,1,0
8,e,3,1,1,0
7,g,210,0,0,0
9,f,1655,0,0,0
1,c,1041,0,0,0
3,a,402,1,1,0
10,g,284,1,0,0
4,c,341,1,1,0
8,g,79,1,0,0
4,g,1185,0,0,0
9,d,428,1,1,0
6,g,246,1,0,0
3,g,171,1,1,0
4,g,63,1,1,0
5,a,417,1,1,0
9,b,312,1,0,0
6,e,962,1,1,640
8,e,497,1,1,0
3,d,238,1,0,0
6,e,485,0,0,0
4,a,665,1,1,762
8,e,261,1,0,0
1,f,329,1,0,0
5,c,484,1,1,0
9,b,322,1,1,0
1,b,34,0,0,0
4,d,428,1,0,0
4,b,29,1,0,0
6,c,309,1,1,0
8,g,1020,0,0,0
10,d,293,1,0,0
8,g,196,0,0,0
3,f,1805,0,0,0
8,f,1560,0,0,0
6,g,1786,0,0,0
10,e,1920,0,0,0
5,g,149,1,1,0
1,c,851,0,0,0
10,e,475,1,1,0
2,a,1886,0,0,0
10,e,601,0,0,0
8,g,751,1,1,0
4,g,297,1,1,0
8,b,56,1,1,0
6,e,88,1,0,0
9,d,6,1,0,0
2,d,332,1,0,0
2,a,719,0,0,0
7,b,27,1,1,0
4,d,597,0,0,0
3,f,514,1,1,0
1,d,934,1,1,965
6,d,193,0,0,0
9,g,299,1,0,0
6,e,210,1,0,0
10,c,1966,0,0,0
4,b,28,1,1,0
7,a,102,1,0,0
5,a,318,1,1,0
4,f,585,1,1,697
2,a,61,0,0,0
5,g,103,1,1,0
7,e,218,1,0,0
6,f,1304,0,0,0
5,d,56,1,1,0
6,a,203,0,0,0
2,g,300,1,0,0
9,b,222,1,1,0
8,e,328,1,1,0
5,g,1507,0,0,0
7,d,420,1,0,0
3,a,370,1,1,0
3,d,244,1,0,0
6,f,753,0,0,0
7,a,238,0,0,0
1,e,279,1,0,0
8,b,328,1,0,0
6,c,528,1,1,394
7,a,274,1,0,0
8,f,219,1,1,0
6,e,81,1,0,0
1,g,363,1,1,558
6,b,348,1,0,0
10,c,513,0,0,0
3,c,1814,0,0,0
2,d,658,1,1,0
10,c,1888,0,0,0
3,b,43,1,0,0
8,f,1010,0,0,0
6,c,55,1,0,0
2,a,101,1,0,0
4,a,181,1,1,0
3,c,380,1,1,419
4,e,742,0,0,0
9,g,1885,0,0,0
4,e,924,0,0,0
10,g,669,0,0,0
9,g,30,0,0,0
1,a,235,1,1,861
6,a,477,1,0,0
6,e,490,1,0,0
5,b,80,1,1,0
10,c,281,1,0,0
2,e,311,1,0,0
10,d,613,0,0,0
4,f,261,1,1,0
8,a,271,1,0,0
10,b,985,0,0,0
3,a,475,1,0,0
7,c,771,1,1,0
9,g,76,0,0,0
9,e,457,1,0,0
3,b,349,1,1,0
7,f,1447,0,0,0
3,g,3,1,1,0
7,d,171,1,0,0
10,b,50,1,1,0
10,c,1947,0,0,0
8,b,247,1,1,0
7,b,20,1,0,0
7,f,354,1,0,0
3,c,338,1,0,0
9,f,1031,0,0,0
7,d,159,0,0,0
4,e,192,1,1,0
3,b,86,1,0,0
8,a,24,1,1,0
9,d,149,1,0,0
8,d,327,0,0,0
1,f,666,0,0,0
5,c,237,1,1,227
3,d,808,0,0,0
1,d,87,1,0,0
2,g,55,1,1,0
1,e,269,1,0,0
2,b,37,1,0,0
6,c,70,1,0,0
5,a,164,1,1,0
7,d,1497,0,0,0
2,f,44,1,0,0
5,e,123,1,0,0
9,g,146,1,1,0
8,f,291,1,1,0
4,g,146,1,0,0
3,c,1244,0,0,0
7,e,206,0,0,0
4,e,849,1,1,172
7,b,245,1,1,0
2,f,337,1,1,926
4,f,50,1,1,0
5,d,104,1,0,0
3,a,104,1,1,0
3,b,327,1,0,0
6,e,347,1,0,0
7,a,1782,0,0,0
1,c,85,1,1,0
5,a,43,0,0,0
2,e,233,1,0,0
3,e,1036,0,0,0
4,g,326,1,0,0
9,c,180,1,0,0
5,c,1779,0,0,0
10,b,1226,0,0,0
2,g,111,1,0,0
10,c,843,0,0,0
10,b,60,1,0,0
9,g,303,1,0,0
9,d,1723,0,0,0
8,d,1759,0,0,0
8,g,372,1,0,0
10,e,132,1,0,0
10,f,1586,0,0,0
3,e,77,1,0,0
5,e,477,1,0,0
2,g,322,1,1,0
6,d,559,0,0,0
3,d,494,1,1,0
7,d,379,1,1,0
2,a,148,1,1,0
4,b,1813,0,0,0
4,d,177,1,1,0
1,c,43,1,1,0
4,c,444,1,1,0
5,e,392,1,0,0
7,b,476,1,0,0
5,a,347,1,1,0
8,c,277,1,1,0
7,g,1945,0,0,0
7,d,142,1,0,0
1,b,356,1,1,596
10,g,428,1,0,0
6,e,799,1,1,83
3,b,381,1,1,0
10,c,181,1,0,0
9,f,233,1,0,0
5,e,475,1,0,0
4,f,294,1,0,0
6,a,166,1,0,0
6,e,1775,0,0,0
4,f,1305,0,0,0
4,d,391,1,1,0
3,c,62,1,0,0
1,e,352,1,0,0
5,g,1862,0,0,0
4,e,449,1,0,0
10,d,154,1,1,0
2,f,114,1,0,0
2,c,37,1,0,0
3,d,355,1,0,0
10,b,963,0,0,0
2,g,627,1,1,387
1,c,20,1,0,0
2,b,195,0,0,0
7,e,350,1,0,0
4,c,285,1,0,0
7,d,966,0,0,0
7,a,286,0,0,0
7,c,675,1,1,655
6,c,220,1,0,0
3,b,230,1,1,845
3,e,889,1,1,922
5,e,248,1,0,0
6,f,236,1,0,0
7,d,299,1,0,0
1,a,186,1,1,0
6,f,288,1,0,0
3,g,1798,0,0,0
8,a,1573,0,0,0
4,b,494,1,1,0
9,d,1852,0,0,0
10,f,360,1,0,0
8,e,31,1,0,0
10,a,437,0,0,0
1,g,674,1,1,338
4,g,51,1,0,0
10,e,87,1,0,0
2,g,329,1,0,0
1,d,279,1,1,0
10,b,637,0,0,0
4,c,288,1,1,0
6,f,1379,0,0,0
6,a,1297,0,0,0
1,d,425,1,1,454
9,f,387,1,1,0
7,g,262,0,0,0
7,e,59,1,0,0
6,g,1843,0,0,0
4,d,1652,0,0,0
9,a,1296,0,0,0
1,g,278,1,1,0
6,e,1520,0,0,0
8,d,316,1,0,0
1,b,270,1,0,0
8,a,206,0,0,0
7,a,1595,0,0,0
3,e,425,1,1,0
5,e,473,1,0,0
8,g,5,0,0,0
10,d,225,1,1,0
8,b,348,1,0,0
4,d,454,1,0,0
7,c,438,1,1,0
1,e,640,1,1,366
10,a,688,0,0,0
2,a,234,1,0,0
7,g,996,1,1,0
6,g,216,1,1,0
1,d,578,1,1,418
5,g,194,1,1,0
1,e,295,1,0,0
8,a,202,1,0,0
10,b,1783,0,0,0
2,a,284,1,1,0
6,d,212,1,1,0
6,f,1542,0,0,0
4,f,425,1,0,0
8,c,241,1,1,858
1,e,11,1,1,0
1,g,428,1,0,0
4,c,379,1,1,0
6,e,279,1,1,0
5,b,133,1,1,701
2,f,282,1,1,0
9,d,337,0,0,0
2,c,230,1,1,0
10,f,501,0,0,0
7,b,457,0,0,0
4,e,168,1,1,800
3,a,311,1,0,0
7,e,464,1,0,0
4,g,100,0,0,0
2,e,303,1,1,0
1,c,494,1,0,0
7,f,316,1,0,0
7,e,201,1,0,0
1,e,86,1,1,0
3,e,1681,0,0,0
1,a,340,1,0,0
6,e,165,1,1,555
7,g,651,0,0,0
1,b,250,1,0,0
3,b,155,1,0,0
7,g,60,1,0,0
3,b,318,1,1,0
7,b,278,1,0,0
5,d,181,0,0,0
8,b,576,0,0,0
8,c,192,1,0,0
5,b,279,1,1,0
1,c,485,1,1,0
3,c,441,1,1,0
1,b,133,1,0,0
5,g,355,1,0,0
8,f,1941,0,0,0
3,g,87,1,0,0
9,b,376,1,1,0
5,f,1365,0,0,0
8,b,34,1,1,0
4,a,616,1,1,698
2,d,51,1,0,0
9,f,1146,0,0,0
2,d,58,1,0,0
4,c,242,1,0,0
6,a,231,1,0,0
7,f,7,1,1,0
4,g,150,1,0,0
5,f,966,1,1,131
3,g,140,1,0,0
8,g,1532,0,0,0
8,b,104,1,0,0
7,e,35,1,1,0
5,c,242,1,1,0
4,e,327,1,0,0
3,e,317,1,1,0
7,e,12,1,1,0
5,b,461,1,1,0
8,a,971,0,0,0
3,c,115,1,0,0
10,c,1285,0,0,0
10,b,483,0,0,0
5,c,409,1,1,0
9,e,1167,0,0,0
3,g,231,0,0,0
4,a,340,1,1,679
4,b,827,0,0,0
9,d,45,0,0,0
7,e,276,1,1,0
2,a,900,1,1,46
10,f,316,1,0,0
8,g,446,1,1,0
10,d,317,0,0,0
8,c,764,0,0,0
4,f,254,1,0,0
4,d,63,1,1,0
10,c,266,1,0,0
5,b,590,0,0,0
9,f,414,1,0,0
3,d,266,1,0,0
7,c,126,1,0,0
4,f,759,0,0,0
5,e,444,1,0,0
1,a,175,1,0,0
2,f,112,1,0,0
4,c,481,1,1,0
6,f,54,0,0,0
10,g,208,0,0,0
3,c,423,0,0,0
4,d,324,1,0,0
1,c,191,1,1,0
6,b,259,1,1,0
9,d,123,0,0,0
9,b,645,1,1,520
1,a,429,1,1,0
10,b,183,1,0,0
7,c,783,1,1,811
1,g,489,1,0,0
1,g,163,1,1,717
2,e,11,1,0,0
10,d,15,1,0,0
4,f,853,1,1,667
8,g,1518,0,0,0
10,a,362,1,0,0
2,f,1181,0,0,0
7,e,90,1,1,0
9,b,466,0,0,0
2,b,514,0,0,0
1,d,26,1,0,0
5,b,868,1,1,429
10,b,341,1,1,0
5,f,316,1,0,0
4,e,1836,0,0,0
1,g,408,1,0,0
3,c,407,1,1,0
10,a,374,1,1,0
10,c,463,1,0,0
3,d,1,1,1,0
2,d,76,1,1,0
10,a,744,0,0,0
5,e,486,1,0,0
5,a,990,0,0,0
6,b,36,1,0,0
10,e,1641,0,0,0
10,b,726,0,0,0
9,b,420,1,0,0
5,c,322,1,1,0
8,g,1024,0,0,0
4,c,691,1,1,959
1,c,1031,0,0,0
9,b,349,1,0,0
4,f,138,1,1,938
9,e,433,1,1,379
8,f,29,1,1,0
5,a,122,1,0,0
7,g,200,1,0,0
2,f,712,1,1,566
10,g,293,1,1,0
5,a,795,1,1,227
1,g,56,1,1,0
3,c,770,0,0,0
8,b,406,1,1,0
2,e,114,1,0,0
8,a,1765,0,0,0
3,g,57,1,0,0
1,d,468,1,0,0
6,g,1361,1,1,33
4,g,868,0,0,0
4,f,78,1,0,0
2,b,825,1,1,190
1,a,23,1,0,0
7,b,215,1,0,0
8,b,1606,0,0,0
5,e,133,1,0,0
8,a,1238,0,0,0
6,e,231,1,1,0
7,b,685,1,1,937
6,f,637,0,0,0
10,a,313,1,0,0
1,g,909,1,1,660
1,c,101,1,1,0
9,c,29,1,1,0
1,d,294,1,1,522
6,b,182,1,1,0
1,f,608,1,1,226
9,d,149,1,0,0
7,d,1647,0,0,0
9,c,460,1,1,316
5,c,266,1,1,0
8,e,449,1,1,0
8,f,78,1,0,0
5,d,31,1,0,0
2,b,273,1,1,0
1,b,491,1,0,0
8,c,1359,0,0,0
10,b,393,1,0,0
9,c,1,1,0,0
5,c,724,1,1,463
2,f,409,0,0,0
8,d,381,1,0,0
2,g,233,1,0,0
5,d,804,1,1,630
3,d,459,1,1,250
5,a,770,1,1,342
7,d,725,0,0,0
5,e,847,0,0,0
10,d,395,1,0,0
2,f,1634,0,0,0
7,g,208,0,0,0
8,e,356,1,0,0
2,f,269,1,1,0
3,g,241,1,0,0
5,f,1406,0,0,0
10,d,48,1,1,0
8,f,1882,0,0,0
2,b,50,1,1,0
7,d,1704,0,0,0
3,b,267,1,0,0
2,c,89,1,1,0
6,a,235,1,1,0
2,d,552,0,0,0
10,d,347,1,0,0
10,d,299,0,0,0
1,f,194,1,1,0
8,f,123,0,0,0
4,a,87,1,1,0
2,b,840,0,0,0
3,e,114,1,1,0
2,b,822,0,0,0
9,b,266,1,0,0
9,c,422,1,1,0
6,d,347,1,0,0
5,d,62,1,1,0
4,a,115,1,1,0
3,d,93,1,0,0
4,c,138,0,0,0
6,b,147,1,1,0
5,a,367,1,1,0
5,c,463,0,0,0
10,e,750,0,0,0
7,e,13,1,1,0
5,g,434,1,0,0
7,c,290,1,0,0
9,a,300,1,0,0
8,f,193,1,0,0
7,b,178,1,1,0
5,b,28,1,0,0
9,g,310,1,0,0
6,c,476,1,1,475
10,e,140,0,0,0
8,d,1596,0,0,0
5,b,277,1,0,0
9,d,84,1,1,0
2,g,205,1,1,0
4,g,1986,0,0,0
3,d,704,0,0,0
6,e,144,1,0,0
4,d,221,1,1,0
4,a,264,1,0,0
1,a,11,1,1,0
9,g,450,1,0,0
8,f,352,1,0,0
10,b,483,1,0,0
8,e,1336,0,0,0
2,d,267,0,0,0
9,e,209,1,1,502
5,f,468,1,0,0
3,d,352,1,0,0
10,g,1567,0,0,0
6,e,302,1,1,0
10,b,254,1,0,0
8,f,307,1,0,0
2,b,458,0,0,0
3,a,441,1,0,0
1,d,104,1,1,0
3,a,245,1,0,0
7,c,157,1,0,0
4,b,1144,0,0,0
9,d,223,1,1,0
6,b,1526,0,0,0
6,a,157,0,0,0
10,e,1914,0,0,0
1,d,137,1,0,0
2,d,63,1,1,0
1,a,731,0,0,0
3,g,720,1,1,200
9,e,388,1,1,949
9,d,330,1,1,0
9,g,427,0,0,0
4,d,223,1,1,241
6,f,276,1,1,0
4,f,408,1,1,0
2,f,69,1,0,0
6,c,256,1,1,0
7,e,277,1,0,0
5,c,160,1,0,0
10,e,1425,0,0,0
8,a,265,1,0,0
8,f,1047,0,0,0
6,g,206,1,0,0
3,g,199,0,0,0
3,e,488,1,1,0
3,c,115,1,0,0
6,a,110,1,0,0
8,b,56,1,1,0
8,f,214,1,0,0
5,g,638,1,1,331
6,a,135,1,1,0
1,c,307,1,0,0
3,c,1305,0,0,0
4,g,253,0,0,0
2,d,485,1,0,0
6,e,478,1,1,0
9,e,1346,0,0,0
10,d,929,0,0,0
8,a,1975,0,0,0
5,b,214,1,1,0
6,g,1840,0,0,0
4,b,774,1,1,478
5,d,343,1,1,0
5,f,888,0,0,0
5,d,480,1,1,0
7,a,435,1,1,0
8,g,396,1,1,0
3,f,276,1,1,0
1,g,416,1,0,0
6,a,1385,0,0,0
2,c,809,0,0,0
4,c,429,1,0,0
8,b,485,1,0,0
2,a,133,1,0,0
2,d,1146,0,0,0
5,a,664,0,0,0
6,a,153,1,1,0
8,e,430,1,0,0
9,b,475,1,1,0
4,c,365,1,0,0
10,c,490,1,0,0
9,a,209,1,0,0
8,c,102,1,1,0
10,b,397,1,0,0
4,d,826,0,0,0
6,f,254,1,1,0
8,c,1832,0,0,0
7,f,275,1,0,0
5,f,183,1,0,0
2,c,438,1,0,0
3,c,255,1,1,0
4,g,252,1,1,0
8,g,305,1,0,0
1,g,497,1,1,0
1,c,130,1,0,0
10,b,978,0,0,0
8,c,309,1,1,0
7,b,264,1,1,0
3,g,456,0,0,0
10,d,1036,0,0,0
4,e,328,1,0,0
5,e,1232,0,0,0
4,f,91,1,0,0
10,e,871,0,0,0
7,d,227,0,0,0
8,c,133,1,0,0
8,g,455,1,1,0
10,f,1389,0,0,0
1,f,422,1,1,0
7,e,27,1,0,0
7,g,403,1,1,0
2,b,1984,0,0,0
3,e,106,1,1,0
3,d,674,1,1,937
2,d,284,1,0,0
8,e,300,1,1,795
3,b,349,1,0,0
3,c,196,1,1,0
10,f,446,0,0,0
2,f,356,0,0,0
6,e,123,1,1,0
8,g,66,0,0,0
10,g,760,0,0,0
3,a,1678,0,0,0
10,c,760,0,0,0
1,g,283,1,0,0
8,a,356,0,0,0
8,b,455,1,1,0
10,g,526,0,0,0
1,a,404,1,1,0
8,c,290,1,1,0
5,f,748,1,1,842
10,g,414,1,1,0
6,g,1596,0,0,0
10,d,1128,0,0,0
4,e,69,1,0,0
4,e,1320,0,0,0
2,f,179,1,1,0
6,c,170,1,0,0
1,d,450,1,0,0
2,d,481,1,0,0
9,c,46,1,0,0
6,g,328,0,0,0
10,d,475,1,0,0
5,g,224,1,1,0
2,e,163,1,0,0
4,a,308,1,1,747
6,d,1622,0,0,0
7,f,301,1,0,0
4,g,1058,0,0,0
8,c,467,1,1,0
1,a,584,0,0,0
2,b,266,1,0,0
7,a,391,1,0,0
1,d,46,1,0,0
4,g,200,1,1,561
9,f,131,1,0,0
1,b,413,1,1,0
5,d,176,1,0,0
10,b,1027,0,0,0
3,d,236,1,0,0
8,b,228,1,1,0
10,c,175,1,1,0
8,c,481,1,0,0
3,f,207,1,0,0
8,c,704,0,0,0
9,d,872,0,0,0
3,b,239,1,0,0
5,g,138,1,0,0
1,a,418,1,0,0
10,d,424,1,0,0
10,d,143,1,1,0
1,a,752,0,0,0
9,f,292,1,0,0
7,e,724,1,1,996
6,g,89,1,0,0
3,e,1047,0,0,0
10,c,1677,0,0,0
6,b,481,1,0,0
8,d,759,0,0,0
10,d,1031,0,0,0
8,f,252,1,0,0
2,g,75,0,0,0
10,e,105,1,1,0
8,g,90,1,0,0
4,g,90,1,0,0
4,g,270,1,1,0
4,a,910,0,0,0
10,d,60,1,0,0
2,g,1230,0,0,0
7,e,113,1,0,0
2,d,312,1,1,682
8,a,201,1,0,0
3,e,1800,0,0,0
6,g,169,1,1,0
5,f,375,1,1,0
2,c,167,1,1,0
4,c,475,1,0,0
4,d,1452,0,0,0
7,e,296,1,1,0
1,g,470,1,0,0
2,b,7,1,0,0
5,f,110,1,0,0
1,c,11,1,1,0
1,g,1673,0,0,0
1,f,772,1,1,354
9,c,91,1,1,0
9,b,401,1,0,0
7,b,1847,0,0,0
3,b,300,1,1,0
7,e,352,1,0,0
6,f,233,1,0,0
1,g,11,1,1,0
1,g,271,0,0,0
8,b,459,1,0,0
3,f,441,1,0,0
5,d,138,1,1,0
3,g,451,1,0,0
4,e,1620,0,0,0
7,a,427,1,0,0
7,e,1554,0,0,0
7,e,146,1,0,0
9,b,216,1,1,0
2,d,474,0,0,0
2,a,155,1,0,0
9,d,415,1,0,0
7,c,255,1,0,0
8,c,80,1,0,0
5,e,484,1,0,0
1,d,421,1,0,0
2,c,182,1,0,0
2,d,1989,0,0,0
9,e,218,0,0,0
7,a,274,1,1,0
4,f,226,1,0,0
9,g,1701,0,0,0
5,g,375,1,0,0
9,e,307,1,1,999
2,b,1422,0,0,0
3,g,276,1,0,0
10,g,290,1,0,0
10,d,1439,0,0,0
10,c,807,0,0,0
10,e,1498,0,0,0
2,c,10,1,1,0
6,f,397,1,0,0
2,c,498,1,0,0
6,c,398,0,0,0
8,a,233,1,0,0
4,c,112,1,0,0
1,d,237,1,0,0
6,c,145,1,1,0
1,g,620,0,0,0
9,g,398,1,0,0
8,d,1023,0,0,0
9,f,47,1,0,0
5,g,509,1,1,321
10,d,254,1,0,0
4,d,141,1,1,51
1,d,495,1,0,0
6,g,111,1,1,0
1,g,185,1,1,0
1,g,439,1,0,0
6,b,260,1,0,0
2,d,380,1,1,0
8,g,24,1,1,0
6,e,1027,0,0,0
7,a,302,1,1,0
4,f,226,1,0,0
3,a,147,1,0,0
1,b,108,1,0,0
7,a,245,1,0,0
6,a,406,1,1,0
8,e,327,1,0,0
1,b,179,1,0,0
9,a,122,1,1,0
6,b,375,1,0,0
4,e,114,1,0,0
6,c,731,0,0,0
4,c,19,1,0,0
10,a,429,1,0,0
9,b,180,1,1,0
2,f,58,1,0,0
1,f,1102,0,0,0
2,e,247,1,1,611
7,d,1661,0,0,0
8,a,342,1,0,0
4,a,282,1,0,0
6,b,749,1,1,332
7,a,121,1,0,0
4,d,310,1,0,0
3,f,1517,0,0,0
4,g,461,0,0,0
5,e,497,1,0,0
7,a,90,1,0,0
1,a,1804,0,0,0
8,b,839,1,1,581
7,c,424,1,0,0
9,a,332,1,0,0
8,e,579,0,0,0
10,e,302,1,1,0
3,c,277,1,1,761
5,g,334,1,0,0
2,a,711,0,0,0
9,e,358,1,0,0
2,b,386,1,0,0
5,e,270,1,0,0
8,g,485,1,0,0
6,b,497,1,1,0
7,c,506,1,1,843
3,d,203,1,0,0
5,d,16,1,0,0
1,c,37,1,0,0
2,d,888,0,0,0
1,b,731,1,1,480
2,c,30,1,1,0
10,g,1717,0,0,0
3,d,152,1,1,0
8,g,472,1,0,0
7,a,414,1,1,0
3,b,308,1,0,0
1,g,468,1,1,0
8,d,1302,0,0,0
7,e,297,1,0,0
8,g,104,1,0,0
4,a,145,1,0,0
4,f,517,0,0,0
1,d,535,0,0,0
4,d,772,1,1,578
8,d,391,1,1,0
5,d,442,1,1,0
4,b,269,1,1,0
9,b,274,1,1,0
8,d,29,0,0,0
9,a,324,1,1,0
8,g,126,1,0,0
10,b,552,0,0,0
6,b,324,1,0,0
1,c,81,1,1,0
1,g,463,1,1,0
3,d,242,1,0,0
5,c,152,1,1,0
7,g,1542,0,0,0
2,b,147,1,0,0
6,e,372,1,0,0
1,g,481,1,0,0
5,e,114,1,0,0
3,e,127,1,0,0
1,d,519,0,0,0
4,d,397,0,0,0
6,c,416,1,1,0
10,c,614,0,0,0
2,e,682,0,0,0
10,d,173,1,0,0
5,a,65,1,1,0
2,e,129,0,0,0
8,c,5,1,0,0
4,a,456,1,0,0
6,e,454,1,0,0
6,a,253,1,0,0
10,d,405,1,0,0
1,g,353,1,1,276
2,a,125,1,1,0
3,d,308,1,0,0
9,g,104,1,0,0
5,c,291,1,0,0
9,a,379,1,0,0
5,c,1991,0,0,0
1,d,238,1,0,0
8,a,367,0,0,0
1,a,264,1,0,0
8,c,465,1,1,0
7,e,186,1,0,0
7,b,928,1,1,847
9,d,317,1,0,0
9,e,171,1,1,0
6,a,143,1,0,0
7,c,1053,0,0,0
8,g,1220,0,0,0
5,d,1671,0,0,0
7,c,970,1,1,0
5,d,179,1,1,0
6,e,203,1,0,0
2,c,222,1,0,0
6,g,950,0,0,0
1,c,397,1,0,0
5,d,422,1,0,0
6,g,1999,0,0,0
1,a,520,1,1,359
6,d,914,0,0,0
9,a,1433,0,0,0
8,f,1870,0,0,0
4,f,223,1,1,399
2,f,378,0,0,0
2,a,256,1,1,189
9,b,74,1,0,0
4,a,56,1,1,0
7,f,1520,0,0,0
8,f,1239,0,0,0
1,b,89,1,1,0
2,c,977,0,0,0
6,e,474,1,0,0
2,g,127,1,1,0
1,d,408,1,0,0
1,a,126,1,0,0
3,c,38,1,0,0
6,f,928,0,0,0
3,g,218,1,0,0
6,c,26,0,0,0
4,d,215,1,1,0
1,g,240,1,0,0
5,b,73,1,0,0
8,g,301,1,0,0
5,b,1139,0,0,0
4,f,1862,0,0,0
2,a,449,1,0,0
4,c,269,1,1,0
10,g,48,1,1,0
1,c,298,1,0,0
2,e,294,1,0,0
9,f,198,1,0,0
10,a,98,1,1,0
9,e,512,0,0,0
5,f,426,1,1,550
1,f,179,1,0,0
8,e,206,1,1,0
8,g,367,1,0,0
1,a,470,1,1,0
7,c,1666,0,0,0
7,c,304,1,1,284
9,g,164,1,0,0
2,c,1840,0,0,0
5,a,70,1,1,0
8,c,327,1,1,122
3,c,115,0,0,0
7,f,1329,0,0,0
9,e,410,1,0,0
3,d,477,1,1,0
3,a,233,1,0,0
2,a,1155,0,0,0
8,d,1054,0,0,0
7,e,849,1,1,772
4,g,49,1,0,0
5,g,847,0,0,0
2,a,401,1,0,0
8,e,386,1,0,0
5,e,1490,0,0,0
7,a,64,1,1,0
9,g,831,0,0,0
9,c,311,1,1,0
7,a,53,1,0,0
4,e,140,1,0,0
10,g,52,1,0,0
3,a,234,1,1,0
9,f,1530,0,0,0
5,a,1584,0,0,0
6,b,97,1,0,0
3,f,1509,0,0,0
6,d,419,0,0,0
6,a,442,1,0,0
6,e,367,1,0,0
10,a,255,1,1,0
4,c,223,1,0,0
1,d,14,1,0,0
3,e,1940,0,0,0
4,e,736,0,0,0
1,f,101,1,1,0
9,a,383,1,1,0
8,f,371,1,1,0
4,f,179,1,1,0
4,d,8,1,0,0
3,d,130,1,0,0
1,a,267,1,1,0
10,e,929,0,0,0
8,b,401,0,0,0
5,e,1379,0,0,0
1,b,703,1,1,729
3,b,119,1,0,0
9,b,444,1,1,0
4,c,212,1,1,0
9,d,923,0,0,0
4,c,406,1,0,0
5,c,358,1,1,976
3,c,52,1,1,0
2,g,189,1,1,0
10,f,298,1,1,0
5,c,307,1,0,0
9,g,31,1,0,0
5,a,247,1,0,0
3,b,74,1,0,0
6,c,232,1,0,0
6,g,352,1,0,0
8,c,418,1,1,873
10,f,169,1,0,0
2,c,194,1,1,310
8,f,1661,0,0,0
5,d,207,1,0,0
1,e,224,1,1,0
2,f,263,1,0,0
10,e,402,1,1,0
5,e,690,0,0,0
3,g,321,1,1,0
5,g,282,1,1,0
1,g,17,0,0,0
1,d,233,1,1,0
4,g,601,1,1,368
4,b,716,0,0,0
10,c,1519,0,0,0
7,b,538,0,0,0
2,e,673,1,1,101
7,b,337,1,0,0
8,c,278,1,0,0
8,d,1720,0,0,0
3,d,299,1,0,0
5,a,1870,0,0,0
10,a,419,1,0,0
10,c,305,1,1,0
2,b,297,1,1,0
1,a,351,0,0,0
10,g,1068,0,0,0
6,d,213,1,0,0
8,d,602,0,0,0
8,a,60,1,1,0
3,e,44,1,0,0
7,c,307,1,1,0
7,g,937,0,0,0
10,f,1057,0,0,0
5,g,414,1,1,0
7,g,1970,0,0,0
2,d,75,1,0,0
6,b,138,1,1,628
4,f,251,1,0,0
9,d,283,1,0,0
6,a,404,1,1,0
9,g,113,1,1,0
7,d,12,1,0,0
4,g,111,0,0,0
9,b,938,1,1,701
9,b,689,1,1,319
4,c,194,1,0,0
1,g,69,0,0,0
1,b,304,1,1,0
1,d,215,1,1,0
1,c,179,1,0,0
7,f,116,1,1,0
4,e,1867,0,0,0
6,a,333,0,0,0
1,e,281,1,0,0
2,d,967,1,1,368
5,g,289,1,0,0
4,f,51,1,1,0
5,d,45,1,0,0
7,g,1111,0,0,0
5,g,1543,0,0,0
2,c,1418,0,0,0
9,g,1016,0,0,0
7,c,213,1,1,0
4,e,333,1,0,0
8,d,219,1,0,0
2,a,88,1,0,0
4,b,185,1,1,0
2,g,78,1,0,0
8,e,55,1,0,0
9,c,34,1,1,0
8,f,448,1,0,0
7,c,599,1,1,122
3,b,550,1,1,962
3,d,227,1,0,0
5,c,82,0,0,0
10,b,1784,0,0,0
4,f,217,1,1,786
4,g,186,1,1,0
10,d,341,1,0,0
3,b,557,0,0,0
4,f,215,1,0,0
7,c,923,1,1,830
6,d,1395,0,0,0
5,b,1120,0,0,0
6,g,1222,0,0,0
4,a,1398,0,0,0
4,f,1404,0,0,0
1,d,187,1,1,0
5,g,378,1,0,0
3,f,385,1,0,0
3,e,165,1,1,984
2,b,137,1,0,0
3,f,301,1,0,0
1,a,941,0,0,0
8,g,191,0,0,0
5,d,429,1,1,0
8,b,356,1,0,0
10,b,159,1,0,0
4,a,313,1,0,0
7,a,278,1,0,0
3,e,15,1,0,0
9,a,1998,0,0,0
1,f,473,1,1,169
6,f,100,1,0,0
9,d,343,0,0,0
10,b,1585,0,0,0
2,g,118,1,0,0
10,g,284,1,0,0
8,f,1779,0,0,0
10,a,249,1,1,0
10,e,88,1,0,0
5,b,316,1,1,0
8,g,244,0,0,0
8,c,335,0,0,0
5,e,306,1,0,0
7,a,93,1,1,0
6,b,447,1,0,0
10,d,230,1,0,0
5,b,278,1,0,0
1,d,80,1,1,0
3,c,74,1,0,0
5,f,960,1,1,681
1,f,8,1,0,0
8,a,167,1,0,0
4,g,139,1,0,0
3,f,466,1,1,0
1,c,200,1,0,0
10,e,911,0,0,0
6,d,1507,0,0,0
9,g,1546,0,0,0
10,b,1761,0,0,0
3,a,30,1,0,0
1,a,244,1,0,0
3,c,164,1,1,439
8,d,433,1,1,0
7,f,1752,0,0,0
7,c,454,1,0,0
8,e,155,1,1,0
10,d,381,1,0,0
5,a,393,1,0,0
3,d,489,1,0,0
2,b,424,1,1,0
8,e,166,1,0,0
5,a,190,1,0,0
8,a,1324,0,0,0
1,d,464,0,0,0
5,b,1945,0,0,0
2,d,447,1,0,0
9,e,209,1,0,0
8,a,213,1,1,0
7,e,1012,0,0,0
3,c,145,1,0,0
5,f,893,1,1,511
8,d,1897,0,0,0
9,d,241,1,0,0
8,b,224,1,0,0
2,b,368,1,1,0
1,e,13,1,1,0
2,a,90,1,0,0
6,b,480,1,1,0
7,e,119,1,0,0
9,g,349,1,1,0
7,e,559,0,0,0
5,g,612,1,1,723
10,a,200,0,0,0
10,d,461,1,1,0
2,g,446,1,1,0
6,d,1206,0,0,0
3,a,435,1,1,0
4,e,466,1,1,0
5,a,1535,0,0,0
7,b,439,1,0,0
4,a,116,1,1,0
10,b,1227,0,0,0
8,f,802,0,0,0
10,d,451,1,0,0
10,b,413,0,0,0
1,e,404,1,0,0
10,a,1286,0,0,0
5,a,305,1,0,0
9,c,777,1,1,645
8,e,1697,0,0,0
6,d,1123,0,0,0
10,g,88,1,0,0
5,f,136,1,1,0
4,e,443,1,0,0
9,b,237,1,1,0
10,d,329,1,0,0
9,e,336,1,0,0
8,f,457,1,1,0
10,d,13,1,0,0
2,f,247,1,0,0
3,g,1803,0,0,0
9,b,644,1,1,727
6,b,460,1,0,0
9,d,276,1,0,0
4,c,243,1,1,0
6,f,760,0,0,0
1,g,556,1,1,819
9,d,843,0,0,0
9,c,14,1,0,0
1,f,1452,0,0,0
5,g,40,1,1,0
9,c,1576,0,0,0
10,c,281,1,0,0
9,b,113,1,0,0
9,f,223,0,0,0
4,a,738,0,0,0
5,b,194,1,1,0
3,f,284,1,0,0
9,c,384,1,1,0
2,e,1011,0,0,0
9,d,508,0,0,0
1,f,494,1,1,0
10,g,119,1,0,0
5,g,374,1,1,631
3,c,885,0,0,0
8,b,312,1,1,0
2,f,231,1,0,0
2,f,401,1,1,794
2,f,393,1,1,0
4,c,295,1,0,0
10,f,69,0,0,0
9,e,387,1,1,0
2,c,25,1,1,0
7,a,141,1,0,0
3,c,627,0,0,0
1,e,839,0,0,0
4,f,198,1,1,0
1,g,129,1,0,0
9,d,725,0,0,0
6,c,302,1,0,0
6,d,776,0,0,0
4,c,268,1,1,0
7,g,109,1,0,0
2,f,703,1,1,269
3,a,255,1,0,0
3,a,125,1,1,0
7,a,82,1,0,0
9,d,130,1,0,0
7,g,335,1,0,0
9,a,408,1,0,0
3,a,1383,0,0,0
5,b,120,1,0,0
4,g,305,1,1,0
9,f,1278,0,0,0
7,a,395,0,0,0
5,a,235,1,1,0
8,f,34,1,0,0
3,e,704,1,1,230
6,d,42,1,0,0
3,c,423,1,1,0
1,g,224,1,1,0
3,d,264,0,0,0
7,d,285,1,0,0
7,g,457,1,1,0
8,a,24,1,0,0
4,e,229,1,1,0
3,g,282,1,0,0
7,g,908,0,0,0
2,f,797,1,1,792
1,d,69,1,0,0
5,f,447,1,1,411
1,f,325,1,1,0
2,d,685,0,0,0
10,d,974,0,0,0
7,c,255,1,0,0
8,g,318,0,0,0
3,e,1071,0,0,0
3,g,232,1,1,368
7,b,625,1,1,984
4,e,242,1,0,0
8,a,1194,0,0,0
5,b,84,1,0,0
5,f,91,1,1,0
1,f,336,1,0,0
9,f,345,1,0,0
4,c,201,1,0,0
9,b,146,1,1,0
8,e,42,1,0,0
7,e,277,1,0,0
3,f,488,1,1,0
7,f,447,1,0,0
3,c,239,0,0,0
6,d,65,1,1,0
1,g,1926,0,0,0
8,c,204,1,1,0
8,a,116,0,0,0
6,a,113,1,1,0
2,g,435,1,0,0
4,a,498,1,0,0
10,d,498,1,0,0
2,g,498,0,0,0
7,c,237,1,1,179
6,c,1616,0,0,0
5,b,326,1,0,0
4,d,466,1,0,0
2,g,346,1,0,0
1,f,366,1,0,0
2,g,319,1,0,0
4,e,618,1,1,203
4,d,421,1,0,0
6,c,366,1,0,0
3,c,426,1,0,0
8,e,100,1,1,0
9,d,1514,0,0,0
6,f,1138,0,0,0
3,a,255,1,1,0
8,d,164,0,0,0
8,a,1409,0,0,0
7,f,441,1,1,0
2,f,392,1,0,0
7,f,318,0,0,0
6,e,509,0,0,0
1,d,1696,0,0,0
4,b,683,0,0,0
3,f,506,1,1,669
9,a,438,1,1,0
5,f,222,1,1,0
8,c,481,1,1,0
4,f,133,1,0,0
5,d,708,1,1,727
9,g,485,1,0,0
5,d,319,1,0,0
9,d,1722,0,0,0
1,g,1054,0,0,0
5,e,38,1,0,0
10,b,907,0,0,0
6,b,225,0,0,0
3,a,36,1,0,0
2,f,388,1,1,0
2,c,428,1,1,0
3,d,491,1,0,0
1,c,1237,0,0,0
3,e,156,1,1,404
8,c,251,1,0,0
5,g,431,1,0,0
4,b,472,1,1,303
6,f,108,1,0,0
2,d,48,1,0,0
10,c,1851,0,0,0
9,e,450,1,1,0
5,c,1592,0,0,0
10,f,126,1,1,0
4,b,216,1,1,0
8,a,462,1,0,0
6,g,358,1,0,0
3,c,905,0,0,0
4,e,384,1,1,0
7,e,1705,0,0,0
9,b,1611,0,0,0
7,b,226,1,0,0
9,e,466,1,1,0
9,d,265,1,0,0
5,f,914,1,1,728
7,f,263,0,0,0
7,d,18,1,0,0
1,g,336,1,0,0
10,d,484,1,1,0
7,a,32,1,0,0
5,e,804,0,0,0
10,g,74,1,0,0
1,c,408,1,1,0
6,e,624,1,1,599
5,b,1104,0,0,0
10,g,269,1,0,0
10,d,191,1,1,0
5,b,820,0,0,0
4,d,460,1,1,0
9,g,216,1,0,0
1,d,482,1,1,106
6,a,95,1,0,0
3,f,162,1,0,0
9,b,411,1,1,0
10,c,1757,0,0,0
2,c,268,1,1,0
1,a,66,1,0,0
1,b,226,1,0,0
1,a,576,1,1,404
1,e,274,1,0,0
4,a,107,1,0,0
1,g,216,1,0,0
3,d,506,0,0,0
5,e,651,1,1,812
6,b,523,0,0,0
5,f,1258,0,0,0
8,e,215,1,0,0
5,c,15,1,1,0
6,b,366,1,0,0
2,a,1486,0,0,0
2,g,244,1,0,0
3,b,496,1,0,0
7,c,482,1,0,0
10,c,799,0,0,0
4,d,372,1,0,0
7,e,179,1,0,0
8,a,339,1,1,0
2,g,496,1,1,0
9,c,479,1,0,0
6,c,253,1,1,0
6,b,73,1,0,0
10,a,83,1,1,0
2,b,1121,0,0,0
10,e,365,1,0,0
8,c,108,1,0,0
10,c,1979,0,0,0
10,a,212,1,1,0
7,e,671,1,1,638
3,c,426,1,1,0
6,g,1277,0,0,0
10,a,217,1,0,0
3,b,137,0,0,0
2,c,53,1,1,0
6,f,443,1,1,0
1,f,152,1,0,0
5,b,346,1,0,0
5,d,470,1,0,0
3,e,425,1,0,0
1,b,393,1,1,976
2,c,220,1,0,0
1,g,263,1,0,0
2,b,43,1,1,0
7,c,293,1,0,0
9,f,726,0,0,0
4,c,386,1,1,0
6,f,138,0,0,0
4,d,461,1,1,0
7,f,203,0,0,0
7,b,669,1,1,801
6,b,151,0,0,0
6,e,220,1,1,0
2,g,1061,0,0,0
4,a,294,0,0,0
2,f,1508,0,0,0
5,a,1211,0,0,0
5,a,109,1,0,0
6,c,421,1,1,0
6,f,1229,0,0,0
9,f,375,0,0,0
9,a,743,0,0,0
10,f,280,1,0,0
1,e,431,1,0,0
10,g,951,0,0,0
6,f,319,1,0,0
6,c,290,1,1,0
9,f,1096,0,0,0
9,f,375,0,0,0
8,b,210,1,1,0
5,e,434,1,1,0
2,g,68,1,1,0
3,a,194,1,0,0
2,b,522,1,1,524
10,g,1233,0,0,0
8,b,307,1,1,0
4,f,924,0,0,0
8,c,609,1,1,209
9,d,349,1,1,0
8,g,387,1,0,0
3,d,158,1,1,0
2,f,486,1,0,0
2,f,240,1,0,0
8,c,232,1,1,0
9,e,302,1,0,0
6,f,1397,0,0,0
4,b,971,1,1,564
7,g,276,0,0,0
1,d,264,1,1,0
3,g,367,1,0,0
5,a,689,1,1,596
4,a,332,1,1,0
4,c,1175,0,0,0
10,d,429,0,0,0
2,a,155,1,1,939
2,g,212,1,1,0
10,f,1283,0,0,0
1,b,165,1,0,0
3,d,160,1,1,266
8,d,11,1,1,0
4,g,657,0,0,0
1,g,106,1,1,0
7,a,80,1,1,0
8,e,44,1,1,0
5,f,345,1,1,0
2,f,398,1,0,0
9,f,71,1,0,0
10,b,50,1,0,0
8,b,38,1,1,0
10,f,9,1,0,0
1,a,149,1,1,0
6,b,449,1,0,0
5,c,492,1,0,0
9,b,168,1,0,0
8,a,463,0,0,0
2,d,101,1,0,0
6,f,482,1,0,0
6,e,289,1,0,0
1,a,29,1,0,0
9,e,309,1,1,0
6,f,47,1,0,0
3,a,913,1,1,674
9,c,409,1,0,0
3,f,371,1,0,0
3,e,399,1,0,0
1,c,755,1,1,35
9,c,1665,0,0,0
5,g,1009,0,0,0
10,b,1302,0,0,0
5,b,373,1,1,196
6,g,1682,0,0,0
3,f,609,1,1,75
10,d,1252,0,0,0
3,f,549,1,1,386
7,d,1193,0,0,0
4,g,112,1,0,0
9,f,306,0,0,0
6,f,325,1,1,0
3,d,1,1,0,0
9,a,589,0,0,0
3,e,1751,0,0,0
4,g,32,1,0,0
9,f,174,1,1,0
4,g,81,1,1,0
8,c,544,1,1,782
5,e,305,1,1,0
3,d,773,1,1,528
9,a,735,0,0,0
4,f,5,1,0,0
8,c,507,0,0,0
7,a,788,0,0,0
10,d,179,0,0,0
9,a,467,1,0,0
4,c,358,1,1,0
5,e,177,1,0,0
7,e,496,1,0,0
6,e,311,1,0,0
2,a,366,1,0,0
6,f,49,1,1,0
3,e,19,1,0,0
4,e,1428,0,0,0
9,f,260,1,0,0
8,f,1882,0,0,0
2,c,751,0,0,0
1,d,412,1,0,0
7,e,498,1,1,0
5,c,544,1,1,304
3,a,56,1,1,0
5,a,255,1,0,0
3,g,177,1,0,0
2,g,484,1,0,0
5,e,1931,0,0,0
7,d,763,0,0,0
9,b,128,1,1,0
8,b,308,1,1,0
3,g,160,1,1,0
4,e,335,1,0,0
5,c,307,1,1,0
4,c,44,1,1,0
1,d,406,1,0,0
9,d,595,0,0,0
3,c,143,1,1,0
3,d,1224,0,0,0
4,b,900,0,0,0
4,f,985,1,1,515
2,e,116,1,0,0
5,f,533,1,1,983
4,g,251,1,0,0
1,g,474,1,1,0
6,e,202,1,0,0
3,c,40,0,0,0
8,g,104,1,0,0
7,e,43,1,1,0
3,g,143,1,0,0
4,g,153,1,0,0
4,c,695,1,1,493
3,f,331,1,0,0
7,b,151,1,1,368
8,c,165,1,0,0
10,g,310,1,0,0
5,d,252,1,0,0
7,g,1805,0,0,0
10,a,268,1,0,0
5,g,281,1,0,0
3,d,1217,0,0,0
6,a,366,1,1,0
4,b,463,1,0,0
7,f,1089,0,0,0
8,d,1077,0,0,0
3,c,284,1,0,0
2,f,324,1,0,0
1,c,792,1,1,660
5,c,56,1,1,0
1,c,440,1,0,0
9,f,45,1,0,0
8,d,413,1,1,0
2,a,917,1,1,360
9,a,104,1,0,0
5,e,318,1,0,0
3,f,496,1,1,830
1,c,1522,0,0,0
10,f,1321,0,0,0
7,a,134,0,0,0
7,d,1220,0,0,0
4,d,1669,0,0,0
2,g,171,1,1,0
9,b,333,1,1,0
6,g,186,1,1,0
9,d,191,1,0,0
9,d,422,1,0,0
9,g,1304,0,0,0
5,b,318,1,1,830
1,a,176,1,1,0
4,e,987,0,0,0
3,g,240,0,0,0
2,c,76,0,0,0
8,d,375,1,0,0
6,c,619,1,1,768
6,d,22,1,1,0
9,g,69,0,0,0
4,c,285,1,0,0
8,f,157,1,0,0
6,g,1564,0,0,0
9,b,208,1,0,0
6,d,447,1,0,0
7,c,364,1,0,0
9,f,235,1,0,0
7,a,456,1,1,0
5,a,486,1,1,0
7,a,209,1,0,0
5,b,275,1,0,0
3,e,401,1,0,0
8,b,295,0,0,0
3,c,327,1,0,0
5,a,825,1,1,312
4,f,258,0,0,0
1,c,196,0,0,0
5,f,95,1,1,0
7,c,339,1,0,0
7,c,280,1,1,0
4,d,469,1,0,0
1,c,446,1,0,0
5,e,416,1,1,324
10,b,185,1,0,0
7,a,98,1,0,0
4,c,2,0,0,0
8,a,236,1,1,0
10,g,414,1,0,0
4,d,181,1,0,0
8,b,168,1,0,0
6,a,300,1,0,0
10,a,1560,0,0,0
3,b,395,1,0,0
5,g,336,0,0,0
10,d,173,1,0,0
9,d,336,1,0,0
10,d,85,1,0,0
8,g,466,1,1,0
7,d,112,1,0,0
2,d,254,0,0,0
9,c,416,1,0,0
8,d,1215,0,0,0
9,f,791,0,0,0
8,f,372,1,0,0
1,a,1765,0,0,0
9,c,928,1,1,230
4,e,408,1,0,0
7,d,368,1,1,0
2,f,181,1,0,0
8,f,387,0,0,0
4,d,55,1,0,0
4,g,1133,0,0,0
1,c,254,1,1,0
9,a,121,1,0,0
9,b,582,0,0,0
2,d,253,1,0,0
3,b,165,1,1,0
1,g,380,1,0,0
5,d,62,1,1,0
10,d,1363,0,0,0
7,f,371,1,1,0
7,f,483,1,0,0
5,b,476,1,0,0
7,f,7,1,1,0
2,g,419,1,0,0
4,g,492,1,1,0
7,f,197,1,0,0
7,f,1808,0,0,0
8,g,487,0,0,0
9,g,1045,0,0,0
6,f,345,1,0,0
10,b,1271,0,0,0
5,g,197,1,0,0
10,e,1812,0,0,0
5,e,440,1,0,0
2,b,140,1,1,286
9,e,820,0,0,0
10,b,32,1,1,0
4,e,312,1,0,0
5,c,371,1,0,0
2,b,369,1,1,0
10,b,449,1,0,0
5,g,1837,0,0,0
7,a,382,1,0,0
9,b,171,1,0,0
1,e,192,1,1,0
10,b,454,0,0,0
8,a,312,1,1,0
6,e,1016,0,0,0
2,a,99,1,0,0
3,a,424,1,1,0
10,e,4,1,1,0
9,c,9,1,0,0
3,f,32,1,0,0
2,f,216,1,0,0
8,e,445,1,1,464
1,d,1765,0,0,0
9,a,1730,0,0,0
7,d,467,1,1,0
10,a,312,1,1,0
9,g,1689,0,0,0
2,a,367,1,0,0
3,e,1703,0,0,0
8,e,320,1,0,0
7,e,71,1,0,0
4,d,270,1,1,0
10,e,392,1,0,0
9,d,1381,0,0,0
2,f,1446,0,0,0
10,e,373,0,0,0
6,b,497,1,1,0
3,e,465,1,0,0
7,c,326,1,1,0
8,g,794,0,0,0
4,d,277,1,0,0
1,e,102,1,0,0
4,g,439,0,0,0
7,a,1697,0,0,0
5,g,295,1,0,0
6,b,347,1,0,0
2,a,44,1,1,0
9,g,224,1,0,0
9,b,262,1,1,0
9,c,28,1,0,0
3,d,150,1,1,0
2,g,123,1,0,0
6,c,146,1,0,0
1,f,143,1,0,0
7,a,1932,0,0,0
3,c,73,1,0,0
3,b,475,0,0,0
7,f,490,1,0,0
7,d,437,1,0,0
7,g,133,1,0,0
4,e,192,1,0,0
10,d,931,0,0,0
3,b,353,1,1,0
2,d,995,1,1,826
5,d,237,1,1,0
9,f,182,1,0,0
8,d,176,1,1,0
6,g,1417,0,0,0
10,g,413,1,0,0
10,e,136,0,0,0
6,f,102,1,0,0
10,e,385,0,0,0
9,f,33,1,0,0
6,d,1011,0,0,0
8,d,715,0,0,0
7,g,551,0,0,0
7,g,490,1,0,0
10,e,977,0,0,0
7,f,627,0,0,0
9,a,1629,0,0,0
9,d,14,1,1,0
8,d,126,1,0,0
9,a,267,1,1,0
6,f,445,1,0,0
7,f,1145,0,0,0
10,e,154,1,1,0
8,a,448,1,0,0
7,f,381,1,1,0
10,e,507,0,0,0
10,e,96,1,0,0
8,d,399,1,0,0
9,a,1769,0,0,0
7,f,218,0,0,0
9,d,450,1,0,0
6,f,180,1,0,0
7,f,323,1,0,0
6,a,477,0,0,0
10,e,1118,0,0,0
10,a,238,1,1,0
6,f,25,0,0,0
8,f,89,1,0,0
6,g,1041,0,0,0
10,b,308,1,1,0
9,a,66,1,0,0
6,g,302,1,0,0
10,a,92,1,1,0
6,d,194,1,0,0
7,f,1482,1,1,0
9,f,118,1,0,0
6,f,1717,0,0,0
6,g,407,1,0,0
8,f,430,1,0,0
10,d,1992,0,0,0
9,d,406,0,0,0
6,g,61,1,1,0
9,f,244,1,1,0
6,g,1255,0,0,0
10,a,16,0,0,0
7,g,216,1,0,0
6,g,1594,0,0,0
7,g,202,1,1,0
6,d,188,1,1,0
8,a,192,1,0,0
9,d,154,1,1,0
6,f,300,1,0,0
8,f,368,1,0,0
7,f,143,1,1,0
8,f,87,1,0,0
9,g,281,1,0,0
7,a,1667,0,0,0
7,g,1118,0,0,0
7,a,1716,0,0,0
6,f,1651,0,0,0
8,d,351,1,1,0
7,f,363,1,0,0
9,a,101,0,0,0
6,d,143,1,0,0
6,g,1816,0,0,0
10,b,290,1,0,0
7,g,57,1,0,0
10,a,395,1,0,0
8,g,1209,0,0,0
10,c,1103,0,0,0
8,g,76,1,1,0
9,a,156,1,0,0
10,g,887,0,0,0
7,f,399,0,0,0
7,f,849,0,0,0
7,g,474,1,0,0
6,a,1347,0,0,0
8,f,1475,0,0,0
7,a,1810,0,0,0
7,d,114,1,0,0
6,a,1967,0,0,0
9,d,1976,0,0,0
9,g,597,0,0,0
6,d,82,1,1,0
6,d,1169,0,0,0
9,g,588,0,0,0
10,f,50,1,0,0
6,a,459,1,0,0
6,a,44,1,0,0
8,a,91,1,1,0
6,g,451,1,0,0
10,a,1471,0,0,0
6,a,311,0,0,0
7,f,463,1,0,0
6,a,844,0,0,0
9,f,128,1,1,0
7,a,868,0,0,0
7,a,492,1,1,0
7,d,221,1,1,0
8,d,707,0,0,0
7,a,366,0,0,0
7,f,952,0,0,0
8,g,336,1,0,0
7,a,196,1,0,0
8,g,1927,0,0,0
6,d,1136,0,0,0
7,d,55,0,0,0
6,a,1940,0,0,0
10,b,116,1,0,0
7,f,346,1,0,0
10,f,1137,0,0,0
10,b,48,0,0,0
6,d,301,1,1,0
6,g,197,0,0,0
6,a,116,1,0,0
6,f,1891,0,0,0
10,c,1596,0,0,0
8,a,211,0,0,0
10,f,35,1,0,0
6,d,1465,0,0,0
10,b,1216,0,0,0
10,a,1073,0,0,0
6,a,587,0,0,0
10,g,1889,0,0,0
7,f,127,1,1,0
6,d,297,1,0,0
7,a,1837,0,0,0
7,g,136,0,0,0
6,a,193,0,0,0
10,a,480,0,0,0
10,e,274,1,1,0
7,g,1398,0,0,0
9,a,87,0,0,0
6,d,1672,0,0,0
7,g,265,1,0,0
7,f,227,0,0,0
9,g,536,0,0,0
7,a,297,0,0,0
8,g,311,0,0,0
10,f,1586,0,0,0
7,a,1329,0,0,0
9,d,775,0,0,0
6,d,139,1,0,0
8,g,181,0,0,0
8,f,1320,0,0,0
6,g,685,0,0,0
7,d,98,1,0,0
7,f,1543,0,0,0
9,d,12,1,0,0
9,a,1189,0,0,0
10,a,148,1,0,0
7,g,461,1,1,0
8,f,923,0,0,0
9,d,304,1,0,0
7,a,377,1,0,0
8,f,1791,0,0,0
8,g,268,1,1,0
8,d,485,1,1,0
8,a,788,0,0,0
7,f,1196,0,0,0
9,a,1258,1,1,0
10,f,110,1,1,0
8,d,359,1,1,0
8,f,896,0,0,0
6,a,234,0,0,0
9,g,1267,0,0,0
6,d,1396,0,0,0
10,e,188,1,0,0
8,g,253,1,1,0
10,a,189,1,0,0
10,f,395,1,0,0
10,e,497,1,0,0
6,a,69,0,0,0
7,g,73,1,0,0
10,d,22,1,0,0
10,g,1787,0,0,0
6,d,1399,0,0,0
8,f,1743,0,0,0
7,g,232,1,0,0
10,g,735,0,0,0
9,d,617,0,0,0
9,a,100,1,0,0
10,g,472,1,1,0
8,g,1608,0,0,0
8,g,1766,0,0,0
6,g,265,1,0,0
6,g,1757,0,0,0
8,d,1270,0,0,0
10,g,1983,0,0,0
10,e,136,1,1,0
6,f,1121,0,0,0
8,f,306,0,0,0
7,d,1545,0,0,0
8,a,294,1,0,0
6,g,43,0,0,0
9,d,76,0,0,0
8,d,288,1,1,0
10,c,754,0,0,0
9,f,870,0,0,0
8,a,486,1,1,0
8,f,468,1,1,0
10,e,374,1,0,0
10,e,100,1,0,0
10,a,406,1,0,0
6,f,117,1,0,0
6,f,51,1,0,0
10,f,1975,0,0,0
8,d,249,1,0,0
7,d,1401,0,0,0
9,a,70,1,0,0
8,a,113,1,0,0
7,g,317,0,0,0
7,f,390,1,0,0
7,a,134,1,0,0
8,a,1150,0,0,0
6,f,48,1,0,0
7,d,979,0,0,0
8,g,1205,0,0,0
7,a,135,1,0,0
10,g,333,0,0,0
9,d,58,1,1,0
7,d,1359,0,0,0
7,d,60,1,1,0
6,g,1843,0,0,0
10,g,1929,0,0,0
10,g,247,1,0,0
10,f,206,0,0,0
8,g,109,1,1,0
9,d,342,1,0,0
6,f,203,1,1,0
6,g,81,1,0,0
10,g,1494,0,0,0
6,g,1102,0,0,0
10,c,1268,0,0,0
10,g,1975,0,0,0
6,a,187,1,0,0
6,g,433,1,0,0
9,f,170,1,0,0
6,d,215,1,0,0
7,a,198,1,0,0
8,g,1957,0,0,0
9,g,20,1,1,0
9,f,440,1,1,0
8,g,342,1,1,0
7,g,371,1,1,0
10,d,520,0,0,0
8,d,472,1,0,0
6,d,460,1,1,0
9,d,1655,0,0,0
7,d,1907,0,0,0
7,g,191,1,0,0
9,g,151,1,1,0
7,a,1122,0,0,0
7,a,375,1,1,0
6,f,1123,0,0,0
10,f,139,0,0,0
10,a,1660,0,0,0
9,d,119,0,0,0
9,d,248,0,0,0
7,g,124,0,0,0
9,a,28,1,0,0
10,b,866,0,0,0
8,a,77,1,0,0
7,g,1262,0,0,0
6,g,919,0,0,0
6,a,70,0,0,0
8,d,307,1,0,0
10,a,223,1,0,0
8,a,1379,0,0,0
10,b,391,1,0,0
10,c,181,1,0,0
9,a,808,0,0,0
9,a,1270,0,0,0
9,g,30,1,0,0
10,c,482,1,0,0
8,g,349,1,0,0
9,f,944,0,0,0
10,e,253,1,1,0
9,g,380,1,0,0
6,a,92,1,0,0
8,a,293,1,0,0
9,g,454,0,0,0
10,f,218,1,1,0
6,d,972,0,0,0
9,f,284,0,0,0
10,c,824,0,0,0
10,b,1409,1,1,0
6,g,362,1,0,0
10,c,475,1,0,0
6,f,161,1,0,0
10,d,478,1,0,0
7,d,13,1,0,0
7,g,1,1,0,0
6,f,539,0,0,0
7,a,774,0,0,0
9,a,477,1,1,0
9,g,343,1,0,0
10,g,456,1,0,0
9,a,423,1,1,0
7,d,1149,0,0,0
7,d,116,1,1,0
10,d,667,0,0,0
8,d,210,1,1,0
7,d,421,1,1,0
10,f,299,1,1,0
7,d,42,1,0,0
10,b,381,1,0,0
6,f,450,0,0,0
6,d,400,0,0,0
8,d,168,0,0,0
6,d,412,1,1,0
10,c,59,1,0,0
9,d,405,0,0,0
8,f,386,1,1,0
9,d,1734,0,0,0
8,g,483,1,0,0
10,c,8,1,0,0
6,f,1157,0,0,0
9,d,57,0,0,0
10,d,101,1,0,0
9,a,290,1,1,0
7,f,340,1,1,0
9,a,258,0,0,0
10,e,1814,0,0,0
6,a,233,1,0,0
8,d,646,0,0,0
7,d,1066,0,0,0
10,g,335,1,0,0
6,d,673,0,0,0
8,f,373,0,0,0
8,a,429,1,1,0
6,f,394,1,0,0
7,g,597,0,0,0
7,g,100,1,0,0
9,d,217,1,0,0
10,d,550,0,0,0
9,d,472,1,1,0
7,d,496,1,0,0
9,d,19,1,0,0
6,g,1650,0,0,0
6,a,1847,0,0,0
6,f,86,1,0,0
8,a,418,1,1,0
7,f,571,0,0,0
9,g,209,0,0,0
6,f,311,1,1,0
10,c,113,1,0,0
9,f,584,0,0,0
9,d,992,0,0,0
10,d,421,1,0,0
9,a,1911,0,0,0
9,f,29,1,1,0
10,f,889,0,0,0
10,g,279,1,1,0
6,a,425,1,0,0
7,d,344,1,0,0
10,f,670,0,0,0
10,c,782,0,0,0
9,d,52,1,0,0
7,f,109,1,1,0
9,d,123,0,0,0
8,f,469,1,0,0
10,d,83,1,0,0
9,f,1750,0,0,0
10,g,865,0,0,0
7,a,446,1,0,0
6,f,230,1,1,0
9,g,27,1,1,0
10,f,46,1,0,0
9,a,79,1,0,0
10,f,1092,0,0,0
9,g,492,1,0,0
6,d,311,1,0,0
10,e,1170,0,0,0
7,a,441,1,0,0
6,d,19,1,1,0
6,f,78,1,1,0
8,g,261,1,0,0
10,g,267,1,0,0
10,d,1347,0,0,0
8,g,881,0,0,0
9,a,786,0,0,0
9,f,1186,0,0,0
9,f,312,1,1,0
6,g,10,1,0,0
6,g,20,1,1,0
8,d,332,0,0,0
8,f,1958,0,0,0
10,e,722,0,0,0
6,f,301,1,1,0
6,a,1810,0,0,0
10,c,319,1,0,0
8,f,1998,0,0,0
7,f,626,0,0,0
10,a,15,1,1,0
10,e,395,0,0,0
10,c,453,1,0,0
10,b,179,1,1,0
7,a,61,0,0,0
8,f,1027,0,0,0
9,a,35,1,0,0
9,a,249,1,0,0
7,d,247,1,1,0
9,f,458,1,0,0
10,d,10,1,0,0
10,b,484,1,1,0
10,g,955,0,0,0
10,g,133,1,1,0
10,a,1780,0,0,0
8,f,1184,0,0,0
7,g,1209,0,0,0
6,g,406,1,0,0
8,d,1128,0,0,0
6,g,1551,0,0,0
9,g,1640,0,0,0
9,g,95,1,0,0
6,a,830,0,0,0
9,f,1438,0,0,0
6,d,329,1,0,0
6,f,1878,0,0,0
6,f,561,0,0,0
10,f,1264,0,0,0
7,f,158,0,0,0
7,g,33,1,1,0
7,d,289,1,0,0
7,f,19,1,1,0
7,f,285,1,0,0
10,c,476,1,1,0
10,a,641,0,0,0
8,a,115,1,1,0
7,f,430,0,0,0
7,f,1417,0,0,0
9,f,55,1,0,0
8,g,187,1,0,0
7,f,856,0,0,0
10,d,496,0,0,0
9,f,898,0,0,0
10,d,35,0,0,0
10,b,880,0,0,0
7,g,380,1,0,0
7,f,1705,0,0,0
7,a,663,0,0,0
10,g,399,1,0,0
10,b,1831,0,0,0
8,a,1336,0,0,0
8,g,1936,0,0,0
8,d,315,1,0,0
7,d,366,1,0,0
9,g,411,1,0,0
7,f,27,1,1,0
7,a,1045,0,0,0
9,d,595,0,0,0
7,g,346,1,1,0
6,f,497,1,0,0
9,g,1861,0,0,0
8,g,1472,0,0,0
8,d,423,1,0,0
9,g,193,1,1,0
10,a,303,1,1,0
7,f,118,0,0,0
9,f,833,0,0,0
6,d,1090,0,0,0
9,d,222,1,1,0
10,c,407,0,0,0
9,g,186,1,1,0
10,g,99,1,0,0
9,g,337,0,0,0
8,g,832,0,0,0
9,d,245,1,0,0
6,g,657,0,0,0
8,a,293,1,0,0
8,a,331,1,0,0
10,d,1900,0,0,0
7,f,1177,0,0,0
8,d,167,1,0,0
10,g,562,0,0,0
9,g,1172,0,0,0
8,a,649,0,0,0
10,e,465,1,0,0
6,f,386,1,0,0
9,a,1123,0,0,0
6,a,191,1,0,0
7,f,286,1,1,0
10,d,50,0,0,0
9,d,162,1,0,0
7,a,864,0,0,0
9,a,362,1,0,0
6,d,120,1,0,0
9,g,33,1,0,0
7,g,65,1,0,0
8,d,14,1,1,0
6,d,1966,0,0,0
10,d,32,1,0,0
10,b,1258,0,0,0
10,d,421,1,1,0
10,a,49,1,0,0
9,g,161,1,0,0
10,a,1341,0,0,0
9,d,198,0,0,0
6,d,867,0,0,0
9,g,436,1,1,0
7,f,18,1,1,0
9,a,1954,0,0,0
8,a,1369,0,0,0
9,a,349,1,1,0
10,a,1113,0,0,0
7,g,462,1,1,0
7,f,1742,0,0,0
6,g,432,1,0,0
8,a,392,1,0,0
6,d,1660,0,0,0
9,a,2,1,1,0
7,a,303,1,0,0
10,g,198,1,0,0
9,a,109,0,0,0
10,f,377,1,1,0
10,a,1414,0,0,0
7,g,1944,0,0,0
10,c,1379,0,0,0
7,d,506,0,0,0
10,c,35,0,0,0
8,f,721,0,0,0
9,f,233,1,0,0
10,d,908,0,0,0
10,d,115,1,0,0
7,d,266,1,1,0
9,a,325,1,0,0
6,a,6,1,0,0
9,g,180,1,0,0
10,g,58,1,1,0
6,g,48,1,0,0
10,a,1003,0,0,0
8,f,614,0,0,0
7,d,604,0,0,0
9,f,663,0,0,0
8,a,1601,0,0,0
9,d,1700,0,0,0
9,f,456,1,0,0
10,b,1465,0,0,0
6,f,7,0,0,0
9,a,907,0,0,0
6,d,86,0,0,0
8,d,1340,0,0,0
8,d,300,1,0,0
6,d,785,0,0,0
8,f,136,1,0,0
7,f,996,0,0,0
6,f,1100,0,0,0
7,a,398,0,0,0
9,a,272,1,1,0
7,f,1762,0,0,0
7,g,1034,0,0,0
6,a,1798,0,0,0
9,a,1948,0,0,0
9,f,40,1,0,0
9,d,321,1,0,0
10,g,1612,0,0,0
8,a,406,1,1,0
6,f,268,0,0,0
8,f,24,1,1,0
9,a,215,1,1,0
10,e,264,1,1,0
7,d,310,1,0,0
9,a,500,0,0,0
8,g,61,1,0,0
10,d,1360,0,0,0
10,e,1540,0,0,0
9,g,1217,0,0,0
6,d,1509,0,0,0
10,b,146,1,0,0
6,f,90,1,0,0
9,g,1465,0,0,0
9,d,238,1,0,0
10,a,14,1,0,0
6,a,253,1,0,0
7,f,1660,0,0,0
10,f,190,0,0,0
9,f,1969,0,0,0
10,d,331,1,0,0
9,d,377,1,0,0
10,d,984,0,0,0
9,g,689,0,0,0
8,f,228,1,0,0
9,d,1898,0,0,0
10,a,348,0,0,0
9,g,325,1,0,0
9,g,138,0,0,0
7,g,1769,1,1,77
10,d,258,1,1,0
9,d,312,1,0,0
10,d,566,0,0,0
6,a,1151,0,0,0
9,d,333,1,0,0
6,a,132,0,0,0
9,f,17,0,0,0
8,a,315,1,0,0
6,f,97,1,0,0
6,a,1313,0,0,0
9,a,468,1,0,0
7,f,203,1,0,0
10,b,482,1,0,0
7,f,135,1,0,0
9,f,1518,0,0,0
7,a,125,0,0,0
9,g,91,1,0,0
10,c,70,1,1,0
10,c,1885,0,0,0
6,a,414,0,0,0
6,a,49,1,0,0
9,f,920,0,0,0
7,f,1845,0,0,0
10,c,134,1,1,0
10,f,178,1,0,0
10,b,117,1,0,0
7,a,192,1,0,0
10,g,61,0,0,0
10,f,436,1,0,0
10,d,189,1,0,0
10,e,158,1,1,0
8,g,1042,0,0,0
9,g,447,1,1,0
7,a,997,0,0,0
10,b,147,1,0,0
9,a,410,0,0,0
10,b,156,1,0,0
6,f,240,1,0,0
7,f,371,1,0,0
6,g,1856,0,0,0
10,g,224,0,0,0
6,g,282,1,0,0
9,d,535,0,0,0
8,d,1412,0,0,0
6,g,472,1,1,89
7,d,158,1,0,0
9,g,78,1,0,0
10,e,285,1,1,0
9,d,14,1,0,0
7,g,263,1,1,0
8,a,42,0,0,0
7,a,63,1,0,0
9,a,174,1,1,0
9,d,1210,0,0,0
8,f,372,0,0,0
10,a,183,1,0,0
8,g,12,0,0,0
7,f,204,1,1,0
7,d,355,1,1,0
6,a,464,1,0,0
10,d,166,1,0,0
7,g,43,1,0,0
8,f,1405,0,0,0
7,f,626,0,0,0
6,a,43,0,0,0
10,d,1251,0,0,0
10,e,369,1,0,0
7,g,214,1,0,0
10,d,1971,0,0,0
8,a,1500,0,0,0
9,g,1357,0,0,0
9,f,441,1,0,0
8,g,45,1,0,0
10,a,1536,0,0,0
9,f,1603,0,0,0
8,a,4,1,1,0
7,g,1869,0,0,0
6,f,103,1,0,0
10,a,385,1,0,0
9,d,232,1,0,0
7,g,353,1,0,0
10,e,185,1,0,0
9,g,19,0,0,0
9,f,490,0,0,0
10,a,371,1,0,0
9,a,263,0,0,0
10,d,1090,0,0,0
7,f,34,1,0,0
9,f,1364,0,0,0
10,a,449,1,0,0
6,f,325,1,0,0
10,c,1762,0,0,0
7,d,1233,0,0,0
10,b,480,1,1,0
8,f,825,0,0,0
10,g,229,1,0,0
6,d,337,0,0,0
8,a,448,0,0,0
9,d,548,0,0,0
7,g,312,1,0,0
6,d,1453,0,0,0
9,d,1866,0,0,0
7,g,399,1,0,0
9,g,1778,0,0,0
8,d,1223,0,0,0
6,d,1683,0,0,0
8,g,1041,0,0,0
6,f,8,1,0,0
9,f,66,0,0,0
10,g,1287,0,0,0
10,a,114,1,0,0
10,g,1322,0,0,0
10,c,294,1,0,0
10,d,359,1,0,0
9,d,1714,0,0,0
7,d,1378,0,0,0
10,c,498,1,0,0
7,f,315,0,0,0
10,d,1681,0,0,0
7,a,216,0,0,0
9,a,1866,0,0,0
10,e,1506,0,0,0
8,f,1755,0,0,0
10,d,215,1,0,0
9,f,420,1,0,0
8,a,278,1,1,0
7,g,89,1,0,0
7,a,268,1,1,0
8,g,448,1,1,0
8,g,165,1,0,0
8,g,288,0,0,0
10,b,366,1,0,0
10,b,442,1,0,0
10,g,162,1,1,0
8,d,610,0,0,0
10,g,66,1,0,0
10,a,428,0,0,0
6,d,180,0,0,0
10,g,409,1,0,0
10,e,619,0,0,0
10,a,62,1,0,0
10,f,161,0,0,0
8,f,1151,0,0,0
9,f,138,0,0,0
6,f,149,1,0,0
8,d,1377,0,0,0
9,f,1443,0,0,0
10,d,151,1,0,0
9,d,69,1,0,0
9,a,431,0,0,0
9,f,260,0,0,0
6,a,50,0,0,0
7,f,310,1,0,0
7,g,1758,0,0,0
6,a,926,0,0,0
7,a,55,0,0,0
9,f,539,0,0,0
7,d,232,0,0,0
10,c,1322,0,0,0
7,a,1868,0,0,0
10,b,138,1,0,0
10,e,364,1,0,0
10,d,82,0,0,0
10,d,493,1,0,0
10,f,1043,0,0,0
9,g,6,1,0,0
10,g,1383,0,0,0
10,b,188,1,0,0
7,a,133,0,0,0
8,g,1855,0,0,0
6,d,271,1,0,0
10,g,363,1,0,0
7,f,331,0,0,0
6,g,1168,0,0,0
7,g,471,1,1,0
6,f,1708,1,1,70
10,b,53,0,0,0
9,a,469,1,0,0
8,a,1429,0,0,0
6,a,426,1,0,0
10,a,557,0,0,0
6,g,1600,0,0,0
8,f,387,1,1,0
6,g,400,1,1,0
7,g,1325,0,0,0
8,f,934,0,0,0
10,d,158,1,0,0
7,a,1249,0,0,0
10,c,1881,0,0,0
9,a,751,0,0,0
9,g,34,1,1,0
9,f,112,1,1,0
8,f,311,0,0,0
10,f,245,1,1,0
10,f,756,0,0,0
6,a,151,1,1,0
7,d,1404,0,0,0
10,d,1341,0,0,0
7,a,362,1,0,0
9,f,1891,0,0,0
10,d,1946,0,0,0
7,d,971,0,0,0
6,f,270,1,1,0
10,a,1994,0,0,0
7,d,734,0,0,0
10,c,210,1,1,0
10,e,421,1,1,0
6,d,97,0,0,0
6,f,1602,0,0,0
10,d,1932,0,0,0
6,f,226,1,0,0
6,f,8,1,1,0
10,d,576,0,0,0
10,c,235,1,0,0
9,d,143,1,1,0
10,a,973,0,0,0
7,d,451,1,0,0
10,c,247,1,0,0
10,c,184,1,0,0
7,f,723,0,0,0
6,a,204,1,0,0
6,f,162,1,0,0
10,a,96,0,0,0
9,d,507,0,0,0
10,d,1310,0,0,0
9,a,491,1,1,0
10,g,108,1,1,0
9,f,127,1,1,0
10,f,283,1,0,0
6,a,794,0,0,0
8,a,310,0,0,0
10,f,521,0,0,0
10,g,1972,0,0,0
10,d,1865,0,0,0
8,g,1036,0,0,0
9,g,1072,0,0,0
10,d,267,1,1,0
9,g,657,0,0,0
6,f,1100,0,0,0
7,g,326,1,0,0
7,f,36,0,0,0
10,f,449,1,1,0
8,f,465,1,1,0
8,d,1680,0,0,0
9,d,185,1,0,0
9,d,77,1,0,0
7,a,484,1,0,0
8,a,566,0,0,0
10,d,394,1,1,0
10,e,235,1,0,0
6,g,500,0,0,0
7,a,113,1,1,0
10,a,1029,0,0,0
6,f,686,0,0,0
8,d,483,1,1,0
10,b,785,0,0,0
9,a,286,1,0,0
6,f,338,1,0,0
8,f,932,0,0,0
8,d,318,1,0,0
7,a,55,1,0,0
9,d,289,1,0,0
8,d,76,1,0,0
10,c,465,0,0,0
8,a,492,1,0,0
10,g,48,1,0,0
10,f,429,1,0,0
6,d,139,1,1,0
7,d,656,0,0,0
10,g,336,1,0,0
7,f,7,0,0,0
7,f,451,0,0,0
7,a,881,0,0,0
6,g,289,1,0,0
10,b,429,1,1,0
7,a,98,1,1,0
10,d,357,0,0,0
10,f,197,1,0,0
8,f,335,0,0,0
9,f,1642,0,0,0
8,f,125,1,1,0
9,g,544,1,1,0
6,f,106,1,0,0
7,a,1,1,1,0
10,f,164,1,1,0
7,g,695,0,0,0
6,a,918,0,0,0
10,d,80,1,0,0
8,d,1610,0,0,0
9,a,1935,0,0,0
10,d,1223,0,0,0
9,d,276,1,0,0
10,e,297,1,0,0
9,a,118,1,0,0
6,g,132,1,0,0
9,f,491,1,0,0
9,g,271,1,1,0
10,b,356,1,1,0
9,f,163,0,0,0
9,a,178,1,0,0
8,g,851,0,0,0
7,f,1341,0,0,0
8,g,77,0,0,0
10,f,109,1,0,0
7,f,938,0,0,0
8,d,118,1,0,0
9,f,151,1,0,0
7,d,811,0,0,0
10,a,1715,0,0,0
7,a,1754,0,0,0
9,d,48,0,0,0
6,g,50,1,0,0
10,e,303,1,0,0
7,d,1230,0,0,0
9,d,281,0,0,0
6,g,309,1,0,0
7,a,293,1,0,0
7,g,322,1,0,0
10,f,1937,0,0,0
10,f,1637,0,0,0
6,d,1592,0,0,0
9,f,1155,0,0,0
10,b,1767,0,0,0
6,d,465,1,0,0
10,g,1419,0,0,0
7,a,1179,0,0,0
8,d,1706,0,0,0
9,d,388,1,0,0
8,a,1063,0,0,0
7,g,312,1,0,0
6,a,594,0,0,0
9,a,1345,0,0,0
10,d,819,0,0,0
8,f,844,0,0,0
8,d,1,1,0,0
9,a,208,1,0,0
6,f,784,0,0,0
10,d,1462,0,0,0
10,e,983,0,0,0
10,c,573,0,0,0
9,g,353,1,1,0
10,c,289,1,1,0
10,a,1970,0,0,0
6,g,46,1,0,0
7,f,5,0,0,0
6,g,488,1,0,0
10,g,1445,0,0,0
6,f,104,1,0,0
9,f,48,1,0,0
6,f,870,0,0,0
10,a,189,0,0,0
7,g,198,1,1,0
6,d,413,1,1,0
7,d,975,0,0,0
8,d,1846,0,0,0
9,f,326,1,0,0
10,f,2,1,0,0
7,f,1671,0,0,0
7,f,156,1,0,0
7,d,1436,0,0,0
8,g,204,1,1,0
8,a,162,1,1,0
8,d,1309,0,0,0
7,a,1008,0,0,0
7,a,1316,0,0,0
6,a,1026,0,0,0
10,d,747,0,0,0
8,a,231,1,0,0
9,f,394,1,0,0
7,a,445,1,0,0
9,f,302,1,0,0
7,f,1848,0,0,0
6,g,326,1,0,0
10,g,186,1,1,0
10,g,99,1,0,0
8,g,894,0,0,0
6,a,1799,0,0,0
7,f,69,1,1,0
10,b,419,1,0,0
7,f,1380,0,0,0
10,b,901,0,0,0
8,g,392,1,0,0
6,g,977,0,0,0
7,d,1588,0,0,0
8,a,1393,0,0,0
10,d,673,0,0,0
8,g,510,0,0,0
7,g,676,0,0,0
10,g,1599,0,0,0
7,g,1712,0,0,0
9,g,1438,0,0,0
8,g,1847,0,0,0
9,d,703,0,0,0
8,g,167,0,0,0
10,a,1320,0,0,0
10,d,1710,0,0,0
10,g,37,1,1,0
9,f,74,1,0,0
10,e,319,1,1,0
7,g,1670,0,0,0
9,g,389,1,0,0
10,b,1393,0,0,0
7,g,35,1,1,0
10,g,548,0,0,0
9,a,1194,0,0,0
10,f,49,0,0,0
10,a,1884,0,0,0
10,d,285,1,1,0
10,c,406,0,0,0
10,f,277,1,1,0
6,g,23,1,1,0
8,d,779,0,0,0
8,d,283,1,1,0
6,f,20,1,1,0
9,g,143,1,0,0
9,g,725,0,0,0
9,a,294,1,0,0
8,d,434,1,1,0
6,d,296,1,0,0
10,b,1270,0,0,0
6,g,356,1,1,0
10,g,686,0,0,0
6,f,355,1,1,0
6,f,1369,0,0,0
10,d,370,1,1,0
9,d,1309,0,0,0
6,d,322,0,0,0
8,f,407,1,0,0
7,d,89,1,1,0
10,c,414,1,0,0
6,g,492,1,0,0
6,d,138,1,1,0
8,g,87,1,0,0
7,a,1626,0,0,0
6,f,52,1,0,0
10,c,276,0,0,0
10,f,1589,0,0,0
10,e,191,1,0,0
6,d,185,1,0,0
9,g,50,1,1,0
6,d,783,0,0,0
8,d,213,0,0,0
6,g,1056,0,0,0
10,d,1209,0,0,0
8,f,56,1,1,0
10,c,308,1,1,0
6,g,983,0,0,0
7,a,1556,0,0,0
10,d,1167,0,0,0
10,d,1520,0,0,0
7,g,1039,0,0,0
7,f,275,0,0,0
10,g,1697,0,0,0
10,d,1041,0,0,0
7,f,51,1,0,0
9,f,75,0,0,0
9,g,1239,0,0,0
9,d,90,1,0,0
6,a,17,1,1,0
6,g,1470,1,1,71
6,d,487,0,0,0
6,a,269,0,0,0
8,a,478,1,1,0
8,g,39,1,0,0
7,a,1290,0,0,0
6,d,133,1,1,0
6,a,69,1,1,0
6,d,129,1,1,0
9,f,462,1,1,0
10,c,84,1,1,0
8,a,1172,0,0,0
8,a,378,0,0,0
8,f,1870,0,0,0
10,e,327,1,1,0
8,d,142,1,0,0
10,d,49,1,1,0
8,a,1171,0,0,0
7,a,28,1,1,0
9,a,17,1,1,0
7,a,315,1,0,0
9,f,129,1,0,0
9,a,297,1,0,0
6,d,27,1,0,0
7,g,291,1,0,0
8,g,1782,0,0,0
10,f,380,1,0,0
10,g,961,0,0,0
6,f,78,1,0,0
10,a,416,0,0,0
8,f,307,1,1,0
6,f,871,0,0,0
9,d,608,0,0,0
8,d,657,0,0,0
7,g,1134,0,0,0
9,a,293,0,0,0
9,a,1095,0,0,0
10,f,253,1,0,0
10,f,1690,0,0,0
8,d,751,0,0,0
6,g,1507,0,0,0
9,f,105,0,0,0
10,a,443,1,1,0
7,f,297,1,0,0
7,d,424,1,0,0
6,g,489,1,0,0
8,a,1728,0,0,0
8,g,304,1,1,0
10,c,210,1,1,0
10,a,352,0,0,0
10,f,464,1,0,0
10,b,248,1,1,0
10,a,276,1,1,0
7,a,72,0,0,0
6,d,1602,0,0,0
6,d,1940,0,0,0
6,d,422,0,0,0
10,g,71,1,0,0
6,g,15,1,0,0
6,a,1821,0,0,0
9,f,777,0,0,0
10,d,467,1,0,0
6,f,453,1,1,0
8,a,480,1,1,0
8,f,270,1,0,0
10,g,269,1,0,0
10,e,305,1,0,0
10,g,859,0,0,0
10,f,760,0,0,0
7,d,42,1,0,0
8,g,140,1,0,0
8,f,475,0,0,0
9,d,361,1,1,0
9,f,86,1,1,0
9,g,20,1,0,0
7,a,172,1,0,0
9,f,1147,0,0,0
10,g,204,1,0,0
9,a,264,0,0,0
7,f,825,0,0,0
8,a,1550,0,0,0
6,d,688,0,0,0
10,g,589,0,0,0
9,f,468,1,0,0
9,f,917,0,0,0
10,f,84,1,0,0
7,d,104,1,0,0
10,b,515,0,0,0
8,f,360,1,0,0
9,d,318,1,0,0
10,d,51,1,1,0
6,d,467,1,0,0
7,d,900,0,0,0
6,f,1711,0,0,0
6,f,1843,0,0,0
7,g,419,1,0,0
10,d,50,1,0,0
10,c,984,0,0,0
10,c,782,0,0,0
9,g,330,1,0,0
8,f,292,1,0,0
6,a,336,1,1,0
10,b,1312,0,0,0
6,d,323,1,0,0
9,d,233,1,0,0
10,b,340,1,1,0
10,d,1525,0,0,0
10,e,54,1,0,0
8,f,1039,0,0,0
8,a,1070,0,0,0
10,e,177,1,0,0
10,f,390,1,1,0
6,d,262,1,1,0
9,f,646,0,0,0
8,a,1454,1,1,0
10,e,465,0,0,0
9,a,469,1,0,0
7,f,98,1,1,0
7,a,338,1,1,0
7,g,427,1,0,0
10,b,1231,0,0,0
9,d,757,0,0,0
7,a,1773,0,0,0
10,f,333,1,1,0
7,a,200,1,0,0
7,f,861,0,0,0
7,a,1929,0,0,0
8,g,479,1,0,0
10,d,1685,0,0,0
9,g,1634,0,0,0
7,a,143,1,0,0
7,f,48,1,1,0
8,g,794,0,0,0
10,e,1982,0,0,0
6,a,624,0,0,0
6,a,684,0,0,0
7,a,4,1,1,0
7,d,673,0,0,0
10,c,180,1,0,0
6,f,222,0,0,0
6,g,80,1,1,0
9,f,858,0,0,0
10,c,83,1,0,0
7,g,1618,0,0,0
10,a,921,0,0,0
7,g,598,0,0,0
9,g,406,1,1,0
8,a,1796,0,0,0
8,a,391,1,1,0
10,a,340,1,1,0
10,g,164,1,1,0
7,g,876,0,0,0
8,d,233,0,0,0
6,a,45,0,0,0
6,g,629,0,0,0
10,c,428,1,0,0
8,a,454,1,0,0
9,g,633,0,0,0
10,b,59,1,1,0
9,f,491,1,0,0
10,c,213,1,0,0
9,g,1876,0,0,0
7,d,133,1,1,0
7,a,273,0,0,0
7,a,403,1,1,0
6,a,1464,0,0,0
6,g,135,1,1,0
7,d,1221,0,0,0
8,f,148,1,0,0
8,f,1817,0,0,0
9,g,259,1,0,0
7,f,135,1,0,0
9,g,975,0,0,0
8,f,450,0,0,0
7,a,1278,0,0,0
6,f,12,1,0,0
10,f,929,0,0,0
9,a,795,0,0,0
9,g,345,1,0,0
6,f,158,1,0,0
7,d,267,1,0,0
10,d,146,0,0,0
6,d,280,0,0,0
10,a,23,0,0,0
7,g,158,1,0,0
10,c,234,1,0,0
9,d,441,1,1,0
9,d,659,0,0,0
8,f,61,0,0,0
8,f,1320,0,0,0
10,e,359,1,0,0
7,f,1328,0,0,0
10,g,263,1,0,0
6,g,1750,0,0,0
9,a,200,1,0,0
6,d,407,1,0,0
8,f,177,1,1,0
6,a,1490,0,0,0
8,g,308,1,0,0
7,a,63,1,0,0
8,g,1979,1,1,0
10,a,1483,0,0,0
10,f,532,0,0,0
10,a,1921,0,0,0
6,g,213,1,0,0
7,d,366,1,0,0
8,d,909,0,0,0
10,f,326,1,0,0
10,b,116,1,0,0
6,d,271,1,0,0
10,b,67,1,0,0
9,g,1818,0,0,0
7,d,94,0,0,0
7,g,110,1,0,0
6,g,986,0,0,0
9,d,420,1,0,0
8,d,466,1,1,0
10,c,1282,0,0,0
8,a,1265,0,0,0
10,d,354,0,0,0
6,g,908,0,0,0
10,d,291,1,0,0
8,a,69,1,0,0
7,f,1917,0,0,0
6,d,460,1,0,0
6,f,1052,0,0,0
7,a,919,0,0,0
10,a,1093,0,0,0
9,f,1756,0,0,0
9,a,458,1,0,0
8,f,603,0,0,0
10,c,419,1,1,0
9,d,19,1,0,0
6,d,104,0,0,0
9,f,401,1,0,0
6,d,123,1,0,0
7,d,948,0,0,0
8,g,263,1,0,0
10,e,225,0,0,0
6,f,1555,0,0,0
9,d,1431,0,0,0
9,f,378,1,1,0
10,a,43,1,0,0
6,a,695,0,0,0
9,g,1442,0,0,0
6,a,1888,0,0,0
6,d,1455,0,0,0
8,a,619,0,0,0
7,a,1792,0,0,0
10,b,316,1,0,0
10,a,485,0,0,0
7,d,181,1,0,0
9,f,29,1,1,0
8,a,466,0,0,0
9,f,115,0,0,0
10,a,323,1,0,0
9,f,1749,0,0,0
9,a,289,1,1,0
7,a,55,1,1,0
6,g,1121,0,0,0
10,f,406,0,0,0
10,f,433,1,0,0
10,g,1408,0,0,0
8,f,419,1,0,0
7,d,1580,0,0,0
9,d,207,0,0,0
7,g,1495,0,0,0
6,a,964,0,0,0
8,d,1790,0,0,0
6,g,497,1,0,0
9,g,1696,0,0,0
10,a,283,1,0,0
10,f,234,1,0,0
10,d,1704,0,0,0
8,d,332,1,0,0
8,f,157,1,0,0
10,d,137,1,1,0
7,d,72,1,0,0
7,g,386,0,0,0
7,g,852,0,0,0
7,d,346,1,1,0
6,d,139,1,0,0
8,d,1214,0,0,0
9,a,432,1,1,0
9,g,546,0,0,0
10,a,486,1,0,0
6,g,183,1,0,0
9,d,386,1,0,0
8,f,83,1,1,0
7,d,337,1,0,0
10,e,1265,0,0,0
10,b,1940,0,0,0
10,b,240,1,1,0
7,d,100,0,0,0
7,a,93,1,1,0
9,g,421,1,1,0
9,d,233,1,0,0
10,a,686,0,0,0
7,g,369,1,0,0
10,f,960,0,0,0
7,a,85,0,0,0
10,f,946,0,0,0
8,a,72,1,0,0
7,d,471,0,0,0
6,a,96,0,0,0
10,g,334,0,0,0
6,a,213,0,0,0
8,d,12,0,0,0
6,f,1068,0,0,0
7,a,41,1,0,0
8,f,1530,0,0,0
6,d,1815,0,0,0
7,g,1517,0,0,0
6,f,375,1,0,0
10,g,215,1,0,0
6,f,321,0,0,0
10,f,481,1,1,0
10,f,317,0,0,0
10,f,618,0,0,0
10,d,43,1,0,0
8,d,490,1,0,0
10,a,1767,0,0,0
10,f,1542,0,0,0
10,f,562,0,0,0
7,a,241,0,0,0
10,g,82,1,0,0
6,g,489,0,0,0
6,f,1961,0,0,0
6,a,1864,0,0,0
6,f,575,0,0,0
6,g,1685,0,0,0
6,d,1482,0,0,0
10,a,389,1,0,0
8,d,537,0,0,0
7,d,987,0,0,0
6,f,247,1,1,0
8,f,382,1,0,0
10,e,1296,0,0,0
6,a,405,1,0,0
8,g,191,1,0,0
8,a,360,0,0,0
8,a,182,0,0,0
8,g,376,1,0,0
8,f,1368,0,0,0
6,g,410,0,0,0
7,f,717,0,0,0
7,g,81,1,0,0
10,e,358,1,0,0
6,g,374,0,0,0
8,g,370,1,0,0
10,g,105,1,1,0
9,a,96,1,0,0
10,d,564,0,0,0
6,d,1386,0,0,0
10,e,439,1,0,0
10,g,124,1,0,0
10,d,674,0,0,0
10,b,286,1,0,0
6,f,51,1,1,0
7,a,1568,0,0,0
8,a,198,1,0,0
6,a,386,1,0,0
9,g,728,0,0,0
9,g,1924,0,0,0
10,a,75,1,1,0
6,g,648,0,0,0
9,f,346,1,0,0
7,d,1029,0,0,0
7,a,416,1,0,0
6,g,1524,0,0,0
10,d,308,1,0,0
7,d,83,1,0,0
9,a,1064,0,0,0
9,f,265,1,1,0
8,f,215,1,0,0
6,g,175,1,1,0
10,b,423,1,0,0
9,d,830,0,0,0
10,e,4,1,0,0
10,a,870,0,0,0
8,d,465,1,1,0
6,f,454,0,0,0
10,d,1511,0,0,0
8,d,306,1,0,0
8,g,277,1,1,0
10,a,113,1,0,0
8,a,172,1,1,0
10,e,498,1,1,0
7,d,486,1,0,0
10,a,1019,0,0,0
10,f,1457,0,0,0
9,d,302,0,0,0
7,d,693,0,0,0
9,g,152,1,0,0
10,c,13,1,0,0
10,b,47,1,0,0
8,d,203,1,0,0
6,d,326,1,0,0
7,f,170,0,0,0
6,g,472,1,1,89
10,f,1236,0,0,0
9,a,502,0,0,0
8,g,897,0,0,0
8,g,5,1,0,0
10,a,127,0,0,0
10,a,1995,0,0,0
8,d,378,1,0,0
10,c,1532,0,0,0
10,b,379,1,0,0
10,b,485,1,0,0
7,d,72,1,1,0
6,f,1268,0,0,0
10,b,1973,0,0,0
9,a,1437,0,0,0
6,d,920,0,0,0
6,a,216,1,0,0
6,f,234,1,0,0
6,a,1903,0,0,0
9,g,4,1,1,0
10,c,384,1,1,0
7,f,286,1,0,0
7,d,204,0,0,0
6,f,31,1,0,0
6,d,1397,0,0,0
6,f,1567,0,0,0
6,a,320,1,0,0
8,a,1253,0,0,0
10,g,398,1,0,0
10,d,426,1,0,0
9,a,786,0,0,0
9,g,337,1,1,0
9,a,73,1,1,0
9,g,428,1,0,0
8,d,209,0,0,0
6,g,275,1,1,0
10,b,1148,0,0,0
9,d,994,0,0,0
9,a,17,1,0,0
10,g,99,1,0,0
6,f,1940,0,0,0
8,a,150,0,0,0
10,d,238,1,0,0
10,f,57,1,1,0
9,d,228,1,1,0
7,f,67,0,0,0
8,f,1079,0,0,0
7,a,317,1,1,0
10,c,178,1,0,0
9,d,131,1,0,0
6,g,1818,0,0,0
9,a,299,1,0,0
7,a,62,1,0,0
8,a,800,0,0,0
10,b,1755,0,0,0
6,g,229,1,0,0
10,d,796,0,0,0
10,d,1501,1,1,46
9,f,1946,0,0,0
10,e,1257,0,0,0
10,c,378,1,0,0
10,f,472,1,1,0
6,g,1478,0,0,0
9,f,915,0,0,0
10,e,940,0,0,0
6,a,232,1,0,0
10,e,216,1,0,0
9,a,10,1,1,0
10,d,199,1,1,0
9,d,246,1,1,0
6,a,486,1,0,0
7,f,427,0,0,0
10,g,626,0,0,0
7,g,376,0,0,0
10,f,240,1,0,0
10,e,37,0,0,0
9,a,461,0,0,0
6,a,64,1,1,0
10,c,1149,0,0,0
7,g,55,0,0,0
10,e,898,0,0,0
6,f,176,1,1,0
6,g,449,1,0,0
6,g,77,1,1,0
6,a,1953,0,0,0
7,g,84,1,0,0
9,a,136,0,0,0
9,g,1683,0,0,0
6,a,436,0,0,0
10,b,516,0,0,0
6,d,1335,0,0,0
8,g,349,1,1,0
10,d,639,0,0,0
7,d,653,0,0,0
10,f,457,0,0,0
10,g,136,1,0,0
10,d,320,0,0,0
9,d,1441,0,0,0
8,f,46,0,0,0
10,c,945,0,0,0
8,d,238,1,0,0
6,a,312,0,0,0
8,g,592,0,0,0
8,a,909,0,0,0
10,a,1094,0,0,0
10,e,77,1,0,0
9,d,33,1,0,0
10,e,402,1,0,0
8,d,186,0,0,0
9,d,353,1,0,0
6,f,29,1,1,0
7,f,283,1,0,0
10,c,190,1,1,0
6,d,812,0,0,0
8,g,134,1,0,0
10,f,282,1,1,0
7,g,14,0,0,0
6,d,495,1,0,0
8,d,1809,0,0,0
9,a,710,0,0,0
6,a,458,1,0,0
7,g,1034,0,0,0
8,d,35,0,0,0
9,f,2,1,0,0
9,d,412,1,0,0
6,d,196,0,0,0
6,a,814,0,0,0
9,a,244,1,0,0
10,c,988,0,0,0
10,e,466,1,1,0
10,f,343,1,1,0
9,a,1813,0,0,0
6,f,355,0,0,0
6,f,1443,0,0,0
9,a,389,1,0,0
8,g,1601,0,0,0
10,f,129,0,0,0
6,d,52,1,0,0
7,d,84,1,1,0
10,c,241,1,1,0
7,a,346,1,0,0
9,g,446,1,0,0
7,f,260,1,0,0
9,d,648,0,0,0
10,b,695,0,0,0
7,g,361,0,0,0
10,b,319,0,0,0
10,b,1262,0,0,0
7,g,1191,0,0,0
9,d,1489,0,0,0
8,d,1417,0,0,0
8,d,749,0,0,0
10,c,1918,0,0,0
7,g,497,1,0,0
6,d,1992,0,0,0
7,f,308,1,1,0
7,a,124,0,0,0
9,d,449,0,0,0
7,f,231,1,0,0
7,a,1153,0,0,0
7,a,230,1,1,0
10,b,98,1,1,0
8,a,491,1,1,0
10,f,103,0,0,0
10,g,319,0,0,0
8,g,1653,0,0,0
10,c,254,1,1,0
6,f,1333,0,0,0
7,a,147,1,0,0
8,d,835,0,0,0
10,g,975,0,0,0
6,a,1838,0,0,0
9,g,176,0,0,0
10,e,387,1,1,0
6,a,116,1,0,0
10,d,1736,0,0,0
8,d,1801,0,0,0
10,a,387,1,1,0
7,a,159,0,0,0
6,f,207,1,0,0
7,d,133,1,1,0
6,d,290,1,1,0
7,d,1370,1,1,0
9,d,1432,0,0,0
9,g,914,0,0,0
6,a,358,1,0,0
8,a,1216,0,0,0
7,g,490,1,0,0
10,d,262,1,0,0
6,f,123,0,0,0
6,d,889,0,0,0
6,f,576,0,0,0
10,b,55,1,0,0
7,f,179,0,0,0
10,e,18,0,0,0
10,f,333,1,1,0
10,b,153,1,1,0
10,c,237,1,1,0
6,d,56,1,1,0
7,g,359,1,1,0
9,f,410,0,0,0
9,g,100,1,0,0
10,g,1805,0,0,0
7,g,448,1,1,0
10,d,203,0,0,0
10,g,700,0,0,0
10,d,1454,0,0,0
10,c,893,0,0,0
9,a,599,0,0,0
9,g,369,1,0,0
8,a,167,1,0,0
10,g,257,0,0,0
10,f,395,1,0,0
8,g,1233,0,0,0
10,c,489,1,1,0
10,f,421,1,1,0
10,f,480,1,0,0
9,d,278,1,0,0
10,f,1135,0,0,0
7,g,1565,0,0,0
10,f,118,1,0,0
10,c,1902,0,0,0
10,g,326,0,0,0
10,f,588,0,0,0
10,g,326,1,0,0
9,g,1232,0,0,0
10,a,394,1,0,0
9,a,495,1,1,0
10,b,1922,0,0,0
10,d,1884,0,0,0
9,f,319,1,0,0
9,f,1549,0,0,0
10,g,363,0,0,0
10,c,458,1,0,0
6,d,1565,0,0,0
10,f,1460,0,0,0
7,g,92,1,0,0
7,g,33,1,0,0
7,a,784,1,1,0
6,d,222,1,1,0
9,a,64,0,0,0
7,d,325,0,0,0
10,a,261,1,0,0
8,a,1329,0,0,0
10,d,1107,0,0,0
10,f,1534,0,0,0
6,d,1963,0,0,0
7,d,438,0,0,0
10,c,409,1,0,0
10,c,133,1,0,0
10,a,1213,0,0,0
8,d,1754,0,0,0
10,d,340,1,0,0
10,c,347,0,0,0
10,d,296,1,0,0
9,f,1070,0,0,0
8,g,151,0,0,0
7,a,238,1,0,0
7,f,1644,0,0,0
10,e,245,1,0,0
9,g,489,1,0,0
7,g,454,0,0,0
7,g,362,1,0,0
10,c,305,1,0,0
10,a,334,1,1,0
9,g,332,1,0,0
10,c,1494,0,0,0
6,d,1597,0,0,0
6,g,347,1,0,0
10,b,1403,0,0,0
8,a,807,0,0,0
7,f,1883,0,0,0
9,d,1648,0,0,0
6,d,274,1,0,0
6,g,1824,1,1,85
7,g,659,0,0,0
6,g,1822,0,0,0
8,g,442,0,0,0
10,f,404,1,0,0
6,g,120,0,0,0
8,f,349,1,1,0
6,g,1786,0,0,0
9,a,509,0,0,0
8,a,1902,0,0,0
7,a,295,1,0,0
9,a,93,1,0,0
7,f,1835,0,0,0
7,a,65,0,0,0
8,f,1465,0,0,0
7,g,1269,0,0,0
10,f,1939,0,0,0
7,a,1755,0,0,0
9,d,699,0,0,0
9,d,317,1,0,0
6,a,196,1,0,0
10,c,277,1,0,0
9,d,1407,0,0,0
10,c,252,1,0,0
7,g,111,1,0,0
7,g,134,1,0,0
10,c,406,0,0,0
10,f,798,0,0,0
7,g,195,1,0,0
10,b,312,1,1,0
10,d,1687,0,0,0
10,c,428,1,1,0
8,g,259,1,0,0
10,g,77,1,1,0
6,a,1214,1,1,0
6,d,674,0,0,0
10,a,243,0,0,0
10,g,533,0,0,0
6,d,480,1,1,0
9,f,260,1,1,0
10,a,647,0,0,0
6,a,422,1,0,0
7,d,90,1,1,0
6,d,820,0,0,0
10,f,115,1,1,0
6,d,116,0,0,0
8,g,1492,0,0,0
8,f,52,1,0,0
7,g,1382,0,0,0
9,a,39,1,0,0
10,e,15,1,0,0
10,d,1813,0,0,0
8,g,1269,0,0,0
10,g,189,0,0,0
9,d,105,1,0,0
10,a,697,0,0,0
9,g,558,0,0,0
6,g,78,1,0,0
10,e,3,0,0,0
9,a,12,1,1,0
9,g,359,1,0,0
10,g,730,0,0,0
8,d,197,0,0,0
10,e,110,1,0,0
10,b,1957,0,0,0
10,e,302,1,1,0
8,a,1435,0,0,0
7,g,423,1,0,0
9,g,85,1,0,0
6,g,255,0,0,0
7,a,247,0,0,0
7,f,113,1,0,0
9,d,891,0,0,0
6,d,380,1,1,0
7,d,546,0,0,0
9,a,493,1,0,0
7,a,254,1,0,0
9,g,4,1,1,0
6,a,64,1,0,0
7,d,107,1,0,0
6,a,1958,0,0,0
10,b,1330,0,0,0
6,d,39,1,0,0
10,c,302,1,0,0
9,f,723,0,0,0
10,c,1513,0,0,0
7,d,132,1,0,0
6,f,1459,0,0,0
10,b,932,0,0,0
6,d,239,1,0,0
10,g,898,0,0,0
10,e,54,1,0,0
9,a,375,1,1,0
8,a,155,0,0,0
7,f,165,0,0,0
10,a,412,1,1,0
7,d,523,0,0,0
6,a,410,1,1,0
6,d,407,1,0,0
6,g,395,1,0,0
7,d,56,1,0,0
9,a,383,1,0,0
9,f,1650,0,0,0
8,a,1948,0,0,0
6,d,175,0,0,0
10,d,340,1,0,0
9,g,441,1,0,0
8,a,76,1,1,0
10,a,411,1,0,0
6,d,477,1,1,0
10,f,337,1,1,0
7,d,542,0,0,0
7,g,785,0,0,0
7,g,1540,0,0,0
6,f,204,0,0,0
8,a,814,0,0,0
10,a,480,1,1,0
7,g,1384,0,0,0
8,g,22,1,1,0
9,f,457,1,1,0
7,d,1209,0,0,0
10,a,1636,0,0,0
6,g,443,1,0,0
10,a,340,0,0,0
9,g,204,1,0,0
10,d,450,1,0,0
6,d,372,1,1,0
9,g,291,1,0,0
10,a,365,1,1,0
6,d,420,1,1,0
6,g,679,0,0,0
6,g,295,1,1,0
9,g,218,1,0,0
6,a,1244,0,0,0
9,a,351,1,1,0
8,a,195,1,1,0
7,d,452,1,0,0
6,g,388,1,0,0
7,d,455,1,0,0
6,g,491,1,0,0
7,a,818,0,0,0
10,c,551,0,0,0
10,c,753,0,0,0
10,b,38,1,0,0
10,a,1022,0,0,0
9,g,1602,0,0,0
6,g,1277,0,0,0
8,a,115,1,0,0
6,d,985,0,0,0
8,f,258,1,0,0
10,b,431,1,0,0
9,g,1275,0,0,0
7,g,101,1,0,0
7,d,264,1,0,0
6,d,46,1,1,0
6,g,386,1,1,0
8,d,115,1,0,0
6,a,262,0,0,0
10,g,213,1,0,0
8,g,1017,0,0,0
7,f,383,0,0,0
7,d,1101,0,0,0
7,f,1171,0,0,0
7,d,196,1,0,0
10,d,62,1,1,0
10,e,209,1,1,0
7,f,39,1,1,0
6,f,66,0,0,0
7,f,555,0,0,0
6,d,838,0,0,0
10,f,734,0,0,0
7,g,1128,0,0,0
8,a,370,1,1,0
9,a,338,0,0,0
10,f,656,0,0,0
6,d,1226,0,0,0
10,g,69,1,0,0
7,a,1071,0,0,0
10,b,228,1,0,0
10,b,1367,0,0,0
6,a,1360,0,0,0
10,a,1690,0,0,0
10,e,602,0,0,0
7,d,177,1,0,0
7,g,58,0,0,0
10,f,1274,0,0,0
7,g,1223,0,0,0
8,a,164,1,0,0
6,d,83,1,0,0
6,a,143,1,0,0
10,c,390,1,0,0
10,f,465,1,0,0
9,d,261,1,1,0
8,a,1723,0,0,0
7,a,1644,0,0,0
10,f,403,1,0,0
9,f,200,1,1,0
8,a,96,0,0,0
6,f,91,1,1,0
6,a,497,1,0,0
10,a,420,1,0,0
9,g,303,0,0,0
6,d,1348,0,0,0
6,a,1053,0,0,0
10,c,1417,0,0,0
7,d,512,0,0,0
7,f,1136,0,0,0
7,f,1425,0,0,0
9,f,288,1,1,0
7,f,403,1,1,0
9,a,1706,0,0,0
6,f,177,1,0,0
7,g,186,1,0,0
10,b,410,1,1,55
6,g,717,0,0,0
9,d,33,0,0,0
6,f,257,1,1,0
8,a,1915,0,0,0
6,g,154,1,0,0
8,f,71,1,0,0
7,a,24,1,0,0
6,a,664,0,0,0
8,f,634,0,0,0
7,d,629,0,0,0
8,a,322,1,0,0
7,a,1249,1,1,0
10,c,140,1,1,0
10,g,1659,0,0,0
10,d,192,1,0,0
7,g,1092,0,0,0
8,a,804,0,0,0
9,f,307,1,0,0
6,g,1949,0,0,0
9,d,393,1,0,0
9,a,1194,0,0,0
10,f,72,1,0,0
9,a,259,1,0,0
8,a,23,1,1,0
8,g,1427,0,0,0
7,a,1448,0,0,0
9,f,298,1,0,0
10,c,496,1,0,0
6,d,1947,0,0,0
6,f,386,1,0,0
8,d,393,1,0,0
6,a,742,0,0,0
7,a,207,0,0,0
7,g,553,0,0,0
6,a,160,1,0,0
6,g,481,1,0,0
10,f,1938,0,0,0
7,g,492,1,0,0
10,b,197,1,1,0
8,a,192,1,0,0
9,g,1653,0,0,0
7,a,741,0,0,0
10,b,1939,0,0,0
6,a,1673,0,0,0
6,a,415,0,0,0
7,d,1927,0,0,0
10,e,67,1,0,0
6,g,1206,0,0,0
7,d,360,1,1,0
8,d,220,0,0,0
8,g,258,0,0,0
10,e,342,1,0,0
8,g,461,0,0,0
6,f,564,0,0,0
10,b,1893,0,0,0
6,g,109,1,0,0
10,g,339,1,0,0
9,g,997,1,1,0
8,g,162,1,0,0
8,a,990,0,0,0
7,a,480,0,0,0
7,f,1132,0,0,0
8,d,772,0,0,0
9,a,697,0,0,0
10,g,737,0,0,0
7,g,445,0,0,0
6,f,958,0,0,0
9,a,31,1,0,0
7,a,372,1,1,0
8,g,77,0,0,0
8,f,286,1,0,0
7,f,320,1,0,0
10,e,433,1,0,0
10,e,328,0,0,0
6,d,1410,0,0,0
8,g,789,0,0,0
9,f,1962,0,0,0
10,d,241,1,0,0
10,b,1498,0,0,0
7,a,1275,0,0,0
8,f,236,1,0,0
8,d,450,1,0,0
9,g,950,0,0,0
8,g,4,1,0,0
7,d,443,1,0,0
6,d,20,1,0,0
6,a,479,1,1,0
10,c,267,0,0,0
9,d,4,1,0,0
8,d,368,0,0,0
9,g,1490,0,0,0
10,e,1957,0,0,0
6,f,440,0,0,0
6,f,1908,0,0,0
8,d,636,0,0,0
9,d,419,1,0,0
6,d,455,0,0,0
10,a,1321,0,0,0
7,g,637,0,0,0
9,f,617,0,0,0
9,a,324,1,1,0
10,g,368,1,0,0
10,d,86,1,1,0
9,d,319,0,0,0
9,g,453,1,1,0
10,b,1157,0,0,0
9,a,1197,0,0,0
8,a,126,0,0,0
10,b,441,1,0,0
8,d,7,0,0,0
9,a,376,1,1,0
10,e,82,0,0,0
9,f,350,0,0,0
6,f,184,1,0,0
10,c,71,1,1,0
6,f,139,1,1,0
6,a,35,0,0,0
8,a,812,0,0,0
8,d,327,1,1,0
8,g,1335,0,0,0
8,f,351,1,1,0
9,f,87,1,0,0
7,g,471,1,1,0
7,g,1357,0,0,0
10,g,870,0,0,0
10,g,419,1,1,0
6,a,596,0,0,0
10,a,401,1,1,0
10,d,102,1,0,0
10,d,1778,0,0,0
10,a,438,1,0,0
7,g,78,1,0,0
10,g,811,0,0,0
7,a,339,1,1,0
9,d,1301,0,0,0
10,b,592,0,0,0
7,d,338,1,0,0
7,f,208,1,1,0
10,b,220,1,0,0
8,g,946,0,0,0
6,f,709,0,0,0
10,c,133,0,0,0
6,a,1037,0,0,0
6,d,496,1,0,0
6,f,2,1,0,0
6,f,241,1,1,0
8,f,926,0,0,0
8,g,360,1,0,0
8,d,1969,0,0,0
7,d,172,1,1,0
8,f,471,1,1,0
9,a,9,0,0,0
10,g,77,1,0,0
9,g,205,0,0,0
7,g,614,0,0,0
7,a,859,0,0,0
10,c,325,1,0,0
7,d,214,1,0,0
10,g,1120,0,0,0
7,g,239,1,0,0
7,f,92,1,0,0
8,g,378,1,0,0
7,a,314,1,0,0
7,a,47,0,0,0
10,f,845,0,0,0
10,d,1715,0,0,0
9,g,925,0,0,0
10,e,959,0,0,0
10,c,1880,0,0,0
10,c,1324,0,0,0
9,d,429,1,0,0
10,e,1643,0,0,0
9,f,1073,0,0,0
10,b,37,1,1,0
9,g,628,0,0,0
8,a,181,1,1,0
10,e,15,0,0,0
10,d,235,0,0,0
6,g,292,1,0,0
7,d,17,1,1,0
7,d,1372,1,1,0
9,d,424,1,0,0
8,g,1690,0,0,0
10,g,1142,0,0,0
7,a,104,0,0,0
7,g,431,1,1,0
8,d,680,0,0,0
10,d,169,0,0,0
10,g,183,1,1,0
7,g,441,1,0,0
9,a,103,1,0,0
10,e,868,0,0,0
8,f,329,1,0,0
7,d,1459,0,0,0
8,a,94,1,0,0
8,d,1543,0,0,0
10,f,205,1,0,0
7,g,1188,0,0,0
8,a,54,1,0,0
10,e,303,1,0,0
8,f,248,1,1,0
10,f,2,1,0,0
10,c,419,1,0,0
10,g,114,0,0,0
10,d,172,1,0,0
10,e,81,1,0,0
6,f,234,1,1,0
6,a,167,1,0,0
7,f,1173,0,0,0
6,a,656,0,0,0
6,a,207,1,0,0
10,b,456,0,0,0
8,a,1590,0,0,0
6,d,434,0,0,0
10,e,325,1,0,0
8,f,194,0,0,0
10,b,406,1,0,0
10,d,210,1,0,0
6,g,14,0,0,0
10,e,1175,0,0,0
8,d,173,1,0,0
8,d,439,1,0,0
6,a,254,1,1,0
7,d,498,1,0,0
6,d,1271,0,0,0
6,d,1378,0,0,0
8,a,612,0,0,0
8,a,317,1,0,0
8,d,502,0,0,0
10,a,651,0,0,0
9,a,229,1,0,0
10,c,376,1,0,0
6,f,495,1,1,0
10,e,407,0,0,0
7,g,335,0,0,0
7,a,77,1,0,0
7,a,267,1,0,0
10,b,44,1,0,0
6,g,954,0,0,0
9,d,1568,0,0,0
9,d,64,1,0,0
6,g,283,1,0,0
10,f,435,1,1,0
8,d,1893,0,0,0
10,e,166,1,0,0
7,g,280,1,1,0
10,d,686,0,0,0
8,a,183,1,0,0
9,d,30,1,0,0
8,g,149,1,1,0
6,a,166,1,1,0
7,f,176,1,0,0
7,d,1271,0,0,0
10,e,1678,0,0,0
10,c,72,1,0,0
9,a,441,1,1,0
9,f,489,1,1,0
7,a,129,1,0,0
8,g,187,1,1,0
8,d,615,0,0,0
10,d,143,0,0,0
10,d,1532,0,0,0
9,f,1340,0,0,0
10,a,498,0,0,0
9,a,186,0,0,0
9,d,334,1,1,0
7,d,347,1,0,0
10,f,1065,0,0,0
7,f,156,0,0,0
6,f,1516,0,0,0
7,d,365,1,0,0
8,f,144,1,0,0
9,a,193,1,0,0
9,f,707,0,0,0
6,g,164,0,0,0
9,d,252,1,1,0
10,b,165,1,0,0
7,f,687,0,0,0
9,f,395,0,0,0
6,a,396,1,0,0
10,g,466,1,0,0
7,d,242,1,0,0
9,d,449,1,1,0
6,a,491,1,0,0
8,a,1631,0,0,0
10,c,204,1,0,0
10,c,621,0,0,0
6,a,829,0,0,0
9,d,166,1,1,0
7,d,116,0,0,0
10,b,742,0,0,0
10,f,235,1,1,0
10,e,640,0,0,0
6,d,340,1,1,0
8,f,1481,0,0,0
9,a,1233,0,0,0
10,e,82,0,0,0
6,d,463,1,0,0
9,a,17,1,0,0
9,a,449,1,1,0
10,a,1681,0,0,0
10,d,246,1,0,0
6,f,1816,0,0,0
7,f,203,1,0,0
7,a,317,1,0,0
7,f,583,0,0,0
10,g,1524,0,0,0
7,g,132,1,0,0
6,g,949,0,0,0
8,a,91,1,0,0
9,d,621,0,0,0
10,f,1606,0,0,0
6,g,177,0,0,0
8,a,358,0,0,0
7,a,178,1,0,0
9,g,78,1,0,0
10,c,1182,0,0,0
8,a,1575,0,0,0
8,a,768,0,0,0
6,g,1081,0,0,0
7,d,405,1,0,0
9,f,349,1,1,0
9,a,1585,0,0,0
6,d,363,0,0,0
8,d,734,0,0,0
7,d,1,1,0,0
6,f,72,0,0,0
9,f,296,1,0,0
9,a,1394,0,0,0
7,g,383,1,0,0
8,a,1445,0,0,0
10,c,416,1,1,0
7,f,87,1,0,0
10,e,283,1,1,0
6,f,466,0,0,0
6,a,1207,0,0,0
7,d,1230,0,0,0
6,d,132,1,0,0
6,d,486,1,1,0
10,g,1246,0,0,0
7,f,90,0,0,0
9,a,300,1,0,0
10,a,279,1,1,0
9,a,655,0,0,0
10,e,228,1,1,0
10,d,432,1,0,0
7,f,298,1,1,0
7,a,95,0,0,0
10,d,1220,0,0,0
10,b,1307,0,0,0
10,b,730,0,0,0
8,d,277,1,1,0
7,f,363,1,0,0
7,a,813,0,0,0
8,g,339,1,0,0
7,a,257,1,0,0
6,a,1369,0,0,0
10,a,1478,0,0,0
9,d,403,1,0,0
6,f,4,1,1,0
10,f,384,0,0,0
6,a,193,1,1,0
7,d,369,1,1,0
8,f,364,1,0,0
8,a,1307,0,0,0
10,e,156,1,0,0
9,d,1949,0,0,0
6,d,130,1,0,0
8,g,202,1,0,0
9,a,438,1,0,0
8,a,1162,0,0,0
7,f,433,1,0,0
9,a,604,0,0,0
7,d,40,1,0,0
7,a,14,1,0,0
10,g,172,1,0,0
9,a,1049,0,0,0
10,b,1799,0,0,0
9,a,90,1,1,0
9,g,224,1,1,0
7,f,140,1,0,0
7,a,1249,0,0,0
7,d,452,1,0,0
6,f,1183,0,0,0
9,d,1747,0,0,0
7,a,495,1,0,0
6,g,135,1,0,0
9,d,410,1,0,0
6,f,1608,0,0,0
7,a,211,1,1,0
10,g,1249,0,0,0
9,f,177,0,0,0
7,g,342,1,1,0
9,d,109,1,0,0
8,g,1251,0,0,0
10,b,340,1,0,0
7,g,582,0,0,0
9,g,215,1,0,0
9,d,466,1,0,0
6,a,1930,0,0,0
10,f,202,1,1,0
7,a,1638,0,0,0
7,g,710,0,0,0
6,a,392,1,0,0
6,a,146,0,0,0
10,c,337,1,1,0
10,f,1376,0,0,0
6,g,1396,0,0,0
8,a,165,0,0,0
7,a,148,0,0,0
7,d,100,0,0,0
10,a,438,0,0,0
10,g,308,1,0,0
6,f,1668,0,0,0
9,a,97,1,0,0
9,f,112,1,1,0
6,d,1091,0,0,0
10,f,461,0,0,0
9,d,1923,0,0,0
9,a,1660,0,0,0
8,a,1558,0,0,0
7,g,267,1,1,0
6,f,656,0,0,0
10,c,1857,0,0,0
6,f,264,1,1,0
7,g,55,1,1,0
10,d,893,0,0,0
10,a,187,1,0,0
6,a,434,1,0,0
9,g,934,0,0,0
8,f,430,1,0,0
9,d,383,1,1,0
10,c,1537,0,0,0
9,f,1247,0,0,0
6,g,175,0,0,0
8,f,311,1,0,0
9,f,542,0,0,0
9,f,1916,0,0,0
8,f,48,0,0,0
10,b,466,1,0,0
8,d,770,0,0,0
9,f,367,1,0,0
8,g,342,1,0,0
9,d,1264,1,1,49
7,a,1962,0,0,0
9,d,1890,0,0,0
7,d,495,1,1,0
9,a,1610,0,0,0
10,d,98,1,0,0
10,d,161,0,0,0
10,c,478,0,0,0
6,d,257,1,0,0
9,d,370,1,1,0
6,d,1391,0,0,0
6,d,341,1,0,0
10,d,153,1,1,0
8,g,1014,0,0,0
9,d,18,1,1,0
8,a,437,1,0,0
6,a,65,1,0,0
10,a,465,1,0,0
9,g,592,0,0,0
6,d,10,1,0,0
9,g,864,0,0,0
9,f,1739,0,0,0
8,a,493,1,1,0
6,g,447,1,0,0
6,f,335,1,0,0
9,a,1146,0,0,0
7,d,313,1,0,0
10,a,1768,1,1,46
10,f,395,1,0,0
7,f,1040,0,0,0
10,a,373,1,0,0
7,f,499,1,1,0
6,f,1233,0,0,0
9,g,273,1,0,0
6,a,1493,0,0,0
9,d,1572,0,0,0
9,a,329,0,0,0
10,a,421,1,0,0
10,d,43,0,0,0
9,f,166,1,0,0
8,g,214,1,1,0
7,g,470,0,0,0
9,g,140,1,1,0
10,g,828,0,0,0
10,c,28,1,1,0
10,b,519,0,0,0
10,b,29,1,0,0
10,b,163,0,0,0
6,g,244,1,1,0
8,f,255,1,0,0
8,g,1980,0,0,0
10,f,50,1,0,0
10,c,37,0,0,0
9,d,282,1,0,0
6,d,172,1,0,0
10,b,269,0,0,0
6,f,1262,0,0,0
7,f,431,1,1,0
10,c,433,0,0,0
9,a,851,0,0,0
9,f,92,1,0,0
6,d,656,0,0,0
9,a,1837,0,0,0
8,d,991,0,0,0
10,b,936,0,0,0
7,g,419,0,0,0
10,a,1164,0,0,0
7,g,770,0,0,0
8,f,446,1,0,0
7,g,1653,0,0,0
10,b,98,1,1,0
7,a,1108,0,0,0
10,f,330,1,0,0
9,g,348,1,0,0
6,g,1676,0,0,0
7,f,484,1,0,0
7,d,385,1,0,0
10,d,231,1,0,0
10,b,101,1,0,0
7,a,334,1,1,0
10,a,342,1,1,0
6,a,195,0,0,0
7,a,472,1,0,0
10,a,168,0,0,0
6,g,134,1,0,0
10,a,237,0,0,0
6,f,444,0,0,0
10,e,673,0,0,0
8,a,798,0,0,0
8,a,45,1,0,0
9,a,923,0,0,0
8,g,758,0,0,0
9,g,952,0,0,0
7,a,139,1,0,0
6,a,76,1,1,0
9,f,266,1,1,0
10,g,428,0,0,0
10,c,294,0,0,0
10,d,316,1,1,0
9,g,538,0,0,0
9,f,354,0,0,0
8,g,3,0,0,0
10,c,889,0,0,0
10,c,455,1,0,0
8,d,268,1,0,0
10,g,1453,0,0,0
6,a,1796,0,0,0
6,d,318,1,0,0
10,b,719,0,0,0
10,e,1819,0,0,0
10,c,1,1,1,0
10,f,220,1,0,0
6,f,1471,0,0,0
9,a,1980,0,0,0
10,d,577,0,0,0
8,f,269,0,0,0
8,d,677,0,0,0
6,d,1154,0,0,0
10,e,117,1,0,0
9,a,1807,0,0,0
10,b,334,1,0,0
6,d,1585,0,0,0
10,b,94,1,0,0
8,g,57,1,0,0
7,a,181,1,0,0
10,b,369,1,1,0
9,g,116,0,0,0
10,c,67,1,0,0
6,f,1623,0,0,0
8,d,622,0,0,0
10,b,390,1,0,0
7,f,410,1,0,0
7,a,269,1,1,0
7,f,377,1,0,0
9,g,64,1,0,0
7,d,231,1,1,0
10,c,948,0,0,0
9,g,261,1,0,0
8,a,462,0,0,0
10,e,208,1,0,0
9,a,981,0,0,0
7,f,438,0,0,0
10,d,26,1,1,0
9,a,790,0,0,0
6,g,430,0,0,0
10,e,733,0,0,0
10,f,852,0,0,0
9,g,294,1,1,0
8,a,383,1,0,0
6,g,1650,0,0,0
8,g,1676,0,0,0
6,g,313,1,1,0
9,g,900,0,0,0
10,d,964,0,0,0
7,g,732,0,0,0
10,a,458,1,0,0
7,d,296,1,0,0
8,f,462,1,0,0
8,g,1313,0,0,0
10,g,241,0,0,0
9,d,450,1,1,0
6,g,89,1,1,0
8,g,829,0,0,0
10,e,331,1,0,0
7,f,133,1,0,0
8,a,340,0,0,0
9,g,1711,0,0,0
8,d,817,0,0,0
9,d,1795,0,0,0
9,d,292,1,1,0
9,d,1706,0,0,0
10,c,130,1,0,0
6,g,1978,0,0,0
8,a,166,1,1,0
9,d,1285,0,0,0
8,a,1022,0,0,0
10,f,153,0,0,0
10,f,379,0,0,0
9,g,427,1,0,0
9,f,248,1,0,0
10,g,805,0,0,0
10,c,412,1,1,0
10,c,1516,0,0,0
10,a,747,0,0,0
6,d,312,1,0,0
6,f,1805,0,0,0
8,f,38,1,0,0
6,f,755,0,0,0
7,d,471,1,0,0
7,g,916,0,0,0
6,d,1646,0,0,0
7,f,466,1,1,0
6,g,1025,0,0,0
8,a,661,0,0,0
6,a,383,1,0,0
9,g,20,0,0,0
6,f,900,0,0,0
8,a,20,1,0,0
10,g,223,0,0,0
8,a,1369,0,0,0
10,f,157,1,0,0
8,g,305,1,0,0
6,d,95,0,0,0
6,a,386,1,0,0
8,f,528,0,0,0
9,f,1705,0,0,0
9,a,335,1,1,0
10,g,217,1,0,0
7,a,1960,0,0,0
8,d,1056,0,0,0
6,d,1660,0,0,0
10,d,18,0,0,0
8,d,724,0,0,0
9,g,1328,0,0,0
9,f,705,0,0,0
6,d,63,1,1,0
8,a,1266,0,0,0
7,d,137,1,1,0
10,c,181,1,1,0
7,a,271,1,0,0
10,d,1692,0,0,0
8,d,91,1,0,0
9,a,321,0,0,0
10,a,266,1,1,0
10,e,473,1,0,0
8,d,79,1,0,0
9,a,52,1,1,0
10,e,1714,0,0,0
8,g,1661,0,0,0
7,d,377,1,0,0
10,e,178,0,0,0
9,d,66,0,0,0
10,c,315,1,1,0
6,a,352,1,1,0
7,d,162,0,0,0
8,f,455,1,0,0
9,a,116,1,0,0
10,c,583,0,0,0
8,a,472,1,0,0
8,g,1828,0,0,0
7,a,1094,0,0,0
10,b,408,0,0,0
10,d,155,1,0,0
8,g,1186,0,0,0
8,g,739,0,0,0
7,d,525,0,0,0
10,d,524,0,0,0
8,g,98,0,0,0
8,a,1301,0,0,0
7,g,183,0,0,0
7,d,233,1,0,0
8,a,377,1,0,0
8,g,65,1,0,0
6,f,251,0,0,0
7,g,176,1,0,0
6,d,219,1,0,0
9,a,1337,0,0,0
7,f,87,1,0,0
8,d,492,1,1,0
10,d,1474,0,0,0
8,f,358,1,1,0
6,a,443,1,1,0
7,d,404,1,0,0
10,d,467,1,1,0
10,f,341,1,0,0
10,d,339,1,1,0
8,d,102,1,0,0
10,f,231,1,0,0
10,b,228,1,0,0
8,f,598,0,0,0
10,c,847,0,0,0
10,a,245,1,0,0
6,g,1825,0,0,0
6,d,257,1,0,0
6,f,1764,0,0,0
9,g,940,0,0,0
10,c,19,0,0,0
6,f,134,1,0,0
6,f,636,0,0,0
9,g,775,0,0,0
6,a,170,0,0,0
6,g,927,0,0,0
7,f,50,0,0,0
9,a,161,1,0,0
8,f,1015,0,0,0
6,g,362,1,0,0
8,f,1426,0,0,0
10,b,1314,0,0,0
6,f,1128,0,0,0
7,a,378,1,0,0
9,d,1334,0,0,0
10,b,405,1,1,0
9,g,736,0,0,0
7,f,406,0,0,0
9,f,293,1,0,0
8,d,3,1,0,0
6,g,257,1,0,0
8,d,12,1,0,0
7,f,135,1,0,0
10,e,1804,0,0,0
9,f,364,1,0,0
10,b,1400,0,0,0
8,a,134,1,0,0
6,g,317,1,0,0
8,d,1691,0,0,0
6,g,450,1,1,0
6,a,1931,0,0,0
7,d,1608,0,0,0
6,a,247,1,0,0
10,g,422,1,1,0
10,e,60,0,0,0
9,d,904,0,0,0
10,c,230,1,0,0
8,a,423,1,1,0
6,g,1817,0,0,0
7,g,72,1,0,0
9,a,1795,0,0,0
6,d,303,1,0,0
6,d,240,1,1,0
7,g,1770,0,0,0
10,b,364,1,1,0
7,g,2,1,0,0
10,b,432,1,0,0
10,g,882,0,0,0
9,a,438,0,0,0
9,d,28,1,0,0
7,g,143,1,0,0
9,a,64,1,0,0
10,a,127,1,0,0
9,f,489,1,0,0
10,g,380,1,1,0
10,e,513,0,0,0
9,f,371,0,0,0
10,c,427,1,1,0
8,g,39,1,0,0
9,d,269,1,0,0
9,a,1089,0,0,0
9,a,663,0,0,0
9,a,1305,0,0,0
8,f,1968,0,0,0
6,d,1483,0,0,0
10,e,59,1,1,0
6,f,1829,0,0,0
8,d,89,1,1,0
10,d,520,0,0,0
6,a,1360,0,0,0
8,g,440,0,0,0
7,d,510,0,0,0
10,a,54,0,0,0
6,d,1888,0,0,0
9,g,1095,0,0,0
10,e,1218,0,0,0
6,a,186,1,0,0
10,f,94,1,0,0
9,d,1388,0,0,0
9,f,776,0,0,0
6,a,1337,0,0,0
7,d,300,1,0,0
8,g,313,1,0,0
6,a,565,0,0,0
7,a,147,1,0,0
6,a,89,1,0,0
10,g,200,1,1,0
10,c,327,1,0,0
8,f,450,1,1,0
8,f,1378,0,0,0
7,f,446,1,1,0
10,e,1464,0,0,0
9,f,491,1,0,0
10,a,20,1,1,0
8,g,142,1,0,0
10,b,198,1,0,0
7,d,224,1,0,0
6,g,126,1,0,0
6,d,208,1,0,0
9,a,353,1,0,0
10,g,444,1,1,0
10,c,149,1,0,0
6,a,1979,0,0,0
10,b,104,1,0,0
10,d,362,1,1,0
7,g,1495,0,0,0
10,a,1510,0,0,0
9,g,1671,0,0,0
6,d,1748,0,0,0
10,e,1466,0,0,0
6,d,186,1,1,0
10,g,375,1,0,0
8,f,1331,0,0,0
9,d,204,1,0,0
7,a,1247,0,0,0
8,g,452,1,0,0
6,a,1579,0,0,0
6,f,268,1,0,0
8,g,158,1,1,0
10,c,19,1,0,0
10,g,78,1,0,0
10,g,202,1,0,0
7,g,1266,0,0,0
10,d,797,0,0,0
8,d,287,1,0,0
6,d,364,1,0,0
7,d,94,1,0,0
7,f,203,1,1,0
10,c,57,1,1,0
9,a,59,1,0,0
10,g,159,1,0,0
8,d,708,0,0,0
9,f,261,1,0,0
9,g,1727,0,0,0
10,d,601,0,0,0
7,a,1595,0,0,0
10,b,308,1,0,0
10,b,453,1,1,0
8,g,786,0,0,0
6,g,251,1,1,0
7,d,45,1,1,0
10,g,82,0,0,0
10,b,553,0,0,0
9,a,151,1,1,0
10,a,77,1,1,0
10,a,157,1,0,0
8,d,77,0,0,0
6,a,475,1,0,0
9,d,1358,0,0,0
6,f,66,0,0,0
7,a,1139,0,0,0
8,a,1480,0,0,0
10,a,1982,0,0,0
10,d,1937,0,0,0
8,d,1711,0,0,0
7,a,1908,0,0,0
10,a,435,1,0,0
8,g,37,1,1,0
9,d,77,1,1,0
9,f,1478,0,0,0
7,d,834,0,0,0
6,a,185,1,0,0
7,f,978,0,0,0
10,c,147,1,1,0
6,f,143,1,1,0
8,a,201,0,0,0
7,g,1057,0,0,0
9,f,500,0,0,0
10,d,190,1,0,0
8,d,391,1,0,0
10,d,1746,0,0,0
6,d,480,0,0,0
6,f,499,1,1,0
10,a,177,1,1,0
6,g,1058,0,0,0
6,a,151,0,0,0
10,b,248,1,0,0
8,d,1401,0,0,0
9,g,145,1,1,0
9,d,428,1,0,0
10,e,107,0,0,0
10,d,851,0,0,0
10,c,325,1,1,0
10,c,413,1,0,0
10,c,145,1,1,0
10,c,1037,0,0,0
9,g,346,0,0,0
7,f,150,0,0,0
9,a,1748,0,0,0
10,b,219,1,0,0
6,a,335,1,0,0
9,g,299,1,0,0
10,e,172,1,0,0
7,g,1134,0,0,0
10,f,809,0,0,0
9,d,422,0,0,0
8,f,86,0,0,0
10,a,1243,0,0,0
8,g,250,1,0,0
8,d,1996,0,0,0
10,a,459,0,0,0
8,d,916,0,0,0
6,a,148,1,0,0
7,g,1611,0,0,0
9,g,1131,0,0,0
10,b,298,1,0,0
6,g,125,1,0,0
9,g,1278,0,0,0
10,g,274,0,0,0
7,d,428,1,0,0
8,g,434,1,0,0
7,g,368,0,0,0
8,a,1212,0,0,0
8,d,1395,0,0,0
10,b,922,0,0,0
7,g,545,0,0,0
9,d,488,1,0,0
10,b,751,0,0,0
7,d,448,1,0,0
8,f,1995,0,0,0
8,g,1257,0,0,0
6,d,204,0,0,0
10,c,305,1,1,0
9,a,273,1,0,0
9,f,439,1,1,0
6,g,159,1,1,0
10,g,123,1,1,0
6,a,1946,0,0,0
10,b,768,0,0,0
6,d,762,0,0,0
9,a,237,1,0,0
6,a,1666,0,0,0
10,c,453,1,0,0
6,f,106,1,1,0
10,c,481,1,0,0
10,c,545,0,0,0
9,a,346,1,0,0
6,d,1386,0,0,0
6,g,330,1,0,0
10,d,1662,0,0,0
10,d,217,1,0,0
7,a,195,1,1,0
10,g,1123,0,0,0
10,a,658,0,0,0
7,f,258,1,1,0
9,a,22,1,0,0
7,a,131,0,0,0
9,f,980,0,0,0
9,a,473,1,0,0
8,f,488,0,0,0
7,f,48,1,1,0
6,g,444,1,0,0
10,e,1131,0,0,0
10,e,44,0,0,0
10,g,981,0,0,0
9,g,82,1,1,0
10,g,214,1,0,0
7,a,404,0,0,0
8,g,115,1,0,0
10,f,293,1,0,0
6,g,28,1,1,0
10,b,1793,0,0,0
9,f,302,0,0,0
9,a,197,1,1,0
8,g,1356,0,0,0
9,g,471,1,0,0
10,d,1865,0,0,0
9,a,285,0,0,0
10,d,415,0,0,0
6,a,1557,0,0,0
8,f,302,1,0,0
6,a,407,1,0,0
8,a,185,1,0,0
9,g,213,0,0,0
10,a,101,1,0,0
7,f,1617,0,0,0
10,d,1141,0,0,0
6,f,580,1,1,0
10,a,1813,0,0,0
6,a,391,1,0,0
9,f,729,0,0,0
10,e,1446,0,0,0
9,g,306,1,1,0
7,d,904,0,0,0
9,g,67,0,0,0
10,g,1598,0,0,0
6,g,159,1,0,0
10,f,856,0,0,0
10,e,1867,0,0,0
10,e,370,1,0,0
6,f,715,0,0,0
8,a,138,1,0,0
9,f,1188,0,0,0
6,f,428,1,0,0
9,a,1513,0,0,0
10,g,160,0,0,0
10,f,212,1,1,0
7,g,1802,0,0,0
9,g,146,1,0,0
7,f,240,1,0,0
8,g,856,0,0,0
7,g,440,1,0,0
8,f,477,1,0,0
9,a,153,1,0,0
7,a,1173,0,0,0
6,a,152,1,1,0
9,d,1565,0,0,0
6,g,488,1,1,0
9,d,1513,0,0,0
7,f,227,1,0,0
9,g,250,1,1,0
6,d,495,0,0,0
8,a,153,1,0,0
10,e,1547,1,1,94
8,d,244,1,0,0
10,a,18,1,0,0
7,f,488,0,0,0
8,a,142,1,0,0
7,a,314,1,1,0
9,g,840,0,0,0
10,c,450,1,0,0
7,d,2,1,0,0
9,f,180,1,0,0
6,f,489,0,0,0
10,c,201,1,0,0
6,f,1010,0,0,0
6,d,169,1,1,0
10,e,361,0,0,0
9,g,90,1,0,0
7,f,382,0,0,0
6,g,805,0,0,0
9,a,656,0,0,0
10,g,38,1,0,0
8,d,1235,0,0,0
10,a,191,1,0,0
7,f,1422,0,0,0
7,d,439,1,0,0
6,d,1212,0,0,0
9,d,1007,0,0,0
10,a,1317,0,0,0
8,g,1328,0,0,0
9,g,360,0,0,0
10,c,364,1,1,0
8,d,341,1,1,0
10,f,344,1,0,0
7,d,762,0,0,0
6,g,125,0,0,0
9,d,108,1,0,0
6,f,697,0,0,0
9,d,422,0,0,0
9,g,320,1,0,0
9,d,1660,0,0,0
10,c,1302,0,0,0
10,a,481,1,0,0
6,f,902,0,0,0
8,d,759,0,0,0
6,a,1113,0,0,0
10,b,418,1,0,0
10,c,661,0,0,0
7,g,315,0,0,0
10,c,415,1,0,0
6,d,1357,0,0,0
8,d,1263,0,0,0
9,a,390,1,0,0
10,g,69,1,0,0
9,f,132,1,0,0
10,f,108,1,0,0
10,e,478,1,1,0
6,f,770,0,0,0
6,a,608,0,0,0
9,f,185,1,0,0
8,d,464,1,0,0
6,f,196,0,0,0
8,f,1040,0,0,0
9,f,236,0,0,0
9,d,346,0,0,0
10,f,113,1,1,0
9,a,61,1,0,0
9,d,108,1,0,0
10,g,85,1,0,0
7,d,41,1,0,0
10,c,157,1,0,0
10,f,197,1,0,0
7,a,283,1,0,0
7,d,79,1,0,0
6,d,110,1,1,0
6,a,509,0,0,0
9,d,1448,0,0,0
6,g,713,0,0,0
7,g,322,1,0,0
10,f,130,1,1,0
9,g,243,1,0,0
9,g,69,1,1,0
10,a,111,1,0,0
8,a,379,0,0,0
8,a,198,1,0,0
7,a,614,0,0,0
6,f,135,1,0,0
10,d,1791,0,0,0
9,a,822,0,0,0
7,a,1860,0,0,0
7,f,633,0,0,0
7,d,132,0,0,0
8,d,464,0,0,0
10,c,429,0,0,0
7,g,379,1,1,0
10,f,158,1,0,0
10,g,51,1,1,0
6,g,1536,0,0,0
7,d,997,0,0,0
8,f,321,1,1,0
9,a,670,0,0,0
9,a,1273,0,0,0
10,f,1329,0,0,0
10,e,354,1,1,0
7,d,179,1,0,0
9,f,152,1,1,0
6,g,13,1,0,0
7,d,1020,0,0,0
7,f,636,0,0,0
6,f,401,1,1,0
7,d,1033,0,0,0
9,f,465,1,0,0
8,f,63,0,0,0
10,a,293,1,0,0
10,f,400,0,0,0
9,d,661,0,0,0
8,f,399,0,0,0
7,g,533,0,0,0
7,g,984,0,0,0
9,g,253,1,0,0
6,a,1171,0,0,0
8,a,699,0,0,0
9,d,1780,0,0,0
10,f,384,0,0,0
7,f,1065,0,0,0
9,g,2,1,0,0
8,d,621,0,0,0
6,d,134,1,0,0
10,f,437,1,1,0
10,b,138,1,0,0
10,e,65,0,0,0
9,f,312,1,0,0
8,g,53,1,1,0
10,f,1688,0,0,0
8,a,149,1,0,0
10,c,1012,0,0,0
9,a,211,1,0,0
10,g,33,1,1,0
9,g,132,0,0,0
6,a,1167,0,0,0
6,a,156,1,1,0
8,f,232,1,1,0
10,f,102,0,0,0
9,g,636,0,0,0
10,d,220,1,1,0
10,d,215,1,0,0
8,f,1854,0,0,0
9,g,1272,0,0,0
10,g,544,0,0,0
7,f,147,1,1,0
9,a,859,0,0,0
7,f,578,0,0,0
8,g,337,1,1,0
6,d,1501,0,0,0
6,f,218,1,0,0
8,d,54,1,1,0
10,e,33,1,0,0
6,g,1921,0,0,0
10,c,857,0,0,0
7,g,810,0,0,0
6,f,459,1,0,0
9,g,1682,0,0,0
8,g,960,0,0,0
6,g,409,1,0,0
6,d,415,0,0,0
6,a,61,1,1,0
6,g,1294,0,0,0
9,d,163,1,0,0
10,e,391,1,0,0
10,g,322,1,1,0
9,f,1823,0,0,0
7,f,39,1,0,0
10,a,1509,0,0,0
8,d,1677,0,0,0
7,a,1960,0,0,0
7,a,150,1,0,0
6,f,21,1,1,0
10,a,716,0,0,0
6,g,381,1,0,0
9,g,498,1,1,0
7,d,173,0,0,0
8,f,35,1,0,0
8,g,1540,0,0,0
8,f,1993,0,0,0
6,d,1348,0,0,0
9,a,141,1,1,0
9,a,405,0,0,0
6,f,187,0,0,0
7,a,910,0,0,0
