quarter,segment,callTime,isComplete,isContact,value
3,g,997,0,0,0
4,f,828,0,0,0
1,g,110,1,0,0
2,g,65,0,0,0
2,e,245,1,0,0
1,a,296,1,1,0
4,b,320,1,1,0
1,a,186,1,1,0
4,g,1880,0,0,0
2,c,215,1,0,0
2,f,41,1,0,0
4,f,275,0,0,0
1,b,128,1,0,0
4,e,113,1,0,0
3,c,410,1,1,0
3,a,165,1,0,0
3,f,254,1,0,0
3,c,443,1,0,0
3,c,757,1,1,69
4,e,2,1,1,0
1,b,307,0,0,0
3,a,3,1,1,0
1,c,229,0,0,0
1,b,1745,0,0,0
2,g,816,1,1,368
2,c,15,1,1,0
1,d,339,1,0,0
3,g,1314,0,0,0
1,d,56,1,0,0
2,b,35,0,0,0
1,c,1881,0,0,0
3,e,451,1,1,0
4,g,1593,0,0,0
4,a,6,0,0,0
4,a,200,1,0,0
2,e,258,1,0,0
4,e,387,1,0,0
3,b,816,1,1,62
3,c,125,1,0,0
1,c,219,1,0,0
2,d,176,1,0,0
2,b,1544,0,0,0
1,f,283,1,0,0
1,f,439,1,0,0
1,f,44,1,0,0
2,a,36,1,1,0
3,g,148,1,0,0
1,g,257,1,0,0
4,b,327,1,0,0
4,f,45,1,1,0
3,g,1,1,0,0
1,a,243,1,1,0
1,b,1102,0,0,0
4,b,126,1,1,0
2,c,122,1,1,0
2,c,184,1,0,0
4,e,1544,0,0,0
2,e,1443,0,0,0
4,c,177,1,0,0
3,a,189,1,1,0
2,f,547,0,0,0
3,f,1700,0,0,0
1,d,19,1,1,0
2,g,398,1,0,0
4,e,300,1,1,499
2,e,122,0,0,0
1,f,394,1,1,0
4,b,216,0,0,0
2,a,200,1,0,0
4,b,1150,0,0,0
2,g,2,1,0,0
1,c,358,1,0,0
2,c,296,0,0,0
3,d,410,0,0,0
1,g,461,1,0,0
2,c,120,1,0,0
1,a,215,1,0,0
4,c,377,1,0,0
1,e,67,1,0,0
4,d,398,1,1,0
4,e,1292,0,0,0
1,d,1147,0,0,0
2,g,852,1,1,568
2,c,608,0,0,0
3,d,391,0,0,0
2,d,312,1,0,0
2,b,970,0,0,0
3,a,162,1,0,0
2,f,557,1,1,465
2,f,419,1,1,0
2,g,739,1,1,875
4,f,20,0,0,0
2,g,328,1,0,0
2,b,775,0,0,0
1,g,259,1,1,584
1,f,282,1,0,0
1,f,645,0,0,0
4,c,583,0,0,0
1,d,203,1,1,0
2,f,109,1,0,0
1,b,1050,0,0,0
3,b,312,1,1,0
3,f,82,1,0,0
4,d,131,1,0,0
4,g,64,1,1,0
4,d,976,0,0,0
4,b,877,1,1,271
2,a,420,0,0,0
3,g,181,1,1,0
2,a,993,1,1,623
3,a,72,1,0,0
1,f,128,1,1,258
1,f,71,1,0,0
1,g,121,1,1,91
2,d,116,1,0,0
4,b,165,1,0,0
3,a,397,1,1,0
1,b,105,1,0,0
2,g,325,1,0,0
4,e,759,1,1,642
2,f,203,1,0,0
4,f,402,1,0,0
2,b,223,1,0,0
2,b,1551,0,0,0
1,d,919,1,1,980
1,c,456,1,0,0
2,g,769,1,1,869
4,b,606,1,1,883
1,c,430,1,1,0
2,g,915,1,1,466
1,g,278,1,1,0
1,g,106,1,0,0
1,f,104,1,1,0
3,c,129,1,1,0
1,b,657,0,0,0
2,d,263,1,1,0
3,b,432,1,0,0
3,d,1191,0,0,0
1,d,1611,0,0,0
4,b,381,1,1,0
3,e,387,1,0,0
2,d,224,1,0,0
1,a,421,1,1,688
1,e,393,1,1,0
1,e,279,1,0,0
4,g,1199,0,0,0
1,a,290,1,1,492
2,d,148,1,1,253
3,f,105,1,0,0
3,b,53,1,0,0
3,b,310,1,0,0
4,g,243,1,0,0
4,e,143,1,0,0
3,e,413,1,1,0
1,d,872,1,1,0
1,e,1705,0,0,0
4,c,325,0,0,0
1,e,758,0,0,0
3,g,327,1,1,0
4,b,276,1,1,419
1,a,518,1,1,930
3,e,255,1,0,0
4,e,258,1,1,0
1,d,359,1,1,0
2,d,797,0,0,0
2,d,1056,0,0,0
1,c,376,1,0,0
2,b,208,1,0,0
4,d,1315,0,0,0
3,c,218,1,0,0
2,e,256,1,1,0
2,a,401,1,0,0
1,e,99,1,1,0
4,b,73,1,0,0
2,d,307,1,1,625
1,b,1259,0,0,0
4,f,183,0,0,0
2,d,177,1,1,0
3,c,12,1,1,0
3,f,1090,0,0,0
2,e,325,1,0,0
3,d,369,0,0,0
4,f,1665,0,0,0
3,c,925,0,0,0
4,b,423,1,1,0
1,f,346,0,0,0
4,d,1957,0,0,0
1,a,239,1,0,0
4,g,1108,0,0,0
2,d,147,1,0,0
3,f,1004,0,0,0
4,a,1860,0,0,0
4,f,493,1,0,0
3,e,555,0,0,0
4,c,293,1,0,0
4,c,134,0,0,0
3,c,60,1,1,0
3,g,1488,0,0,0
2,c,200,0,0,0
1,f,748,0,0,0
1,b,645,0,0,0
3,g,646,0,0,0
2,b,632,0,0,0
2,a,353,1,1,0
2,e,489,0,0,0
4,c,190,1,1,0
1,g,45,1,1,0
3,g,1138,0,0,0
2,a,352,1,0,0
4,a,482,1,1,0
3,a,849,0,0,0
3,g,375,0,0,0
3,a,135,1,0,0
4,a,281,1,1,0
4,b,317,1,0,0
3,g,1205,0,0,0
1,e,1028,0,0,0
2,f,126,1,1,0
1,b,294,0,0,0
4,c,1445,0,0,0
4,c,351,1,1,0
2,b,352,0,0,0
3,e,464,1,1,0
3,e,263,1,0,0
2,f,385,1,1,0
1,f,379,0,0,0
3,c,664,1,1,126
2,f,62,0,0,0
2,e,466,0,0,0
1,d,849,1,1,763
3,e,359,1,0,0
1,a,640,0,0,0
2,b,480,0,0,0
1,e,480,0,0,0
3,c,999,1,1,188
1,b,216,1,0,0
1,b,74,1,0,0
4,b,828,0,0,0
2,d,7,1,1,0
3,g,1505,0,0,0
4,a,354,1,0,0
4,e,485,1,0,0
1,c,386,1,1,0
2,c,432,1,1,0
2,b,252,1,0,0
4,f,1695,0,0,0
3,g,1319,0,0,0
4,a,1622,0,0,0
1,a,1299,0,0,0
3,e,18,1,0,0
3,f,468,1,0,0
4,b,341,1,0,0
2,b,1472,0,0,0
3,b,150,0,0,0
2,f,267,1,0,0
3,d,466,0,0,0
1,d,92,0,0,0
3,g,1321,0,0,0
3,g,189,1,0,0
1,b,273,1,0,0
2,d,149,1,0,0
1,e,351,0,0,0
1,d,35,1,0,0
3,f,373,1,0,0
1,g,321,1,0,0
3,b,462,1,0,0
3,a,258,1,1,0
4,b,503,0,0,0
4,d,36,0,0,0
2,a,484,1,0,0
3,g,238,0,0,0
3,c,254,1,0,0
4,g,334,1,1,0
4,f,465,1,0,0
4,f,1828,0,0,0
1,f,6,1,0,0
2,c,220,1,1,0
4,a,561,0,0,0
1,e,1562,0,0,0
1,d,1,1,0,0
3,c,36,0,0,0
1,c,222,1,0,0
2,c,277,1,0,0
2,d,900,0,0,0
3,f,456,1,1,0
3,a,1184,0,0,0
4,f,394,1,1,0
3,a,477,1,1,0
1,a,269,1,1,93
1,e,14,1,1,0
4,f,217,1,1,0
1,a,660,1,1,487
2,d,1113,0,0,0
1,f,277,1,1,226
3,e,25,1,0,0
3,f,225,1,0,0
3,g,88,1,1,0
3,a,885,0,0,0
4,e,243,1,1,0
4,e,487,1,0,0
3,e,388,1,1,0
1,a,211,1,1,0
2,f,414,1,1,0
1,e,833,0,0,0
4,e,480,1,0,0
4,d,180,1,0,0
2,d,130,1,1,800
2,e,403,1,0,0
2,c,1135,0,0,0
2,c,196,1,0,0
4,d,1770,0,0,0
1,e,511,0,0,0
3,a,1210,0,0,0
1,e,658,0,0,0
4,b,465,1,1,0
2,f,954,1,1,624
3,b,23,1,0,0
4,c,30,1,0,0
1,c,448,1,0,0
3,e,408,1,0,0
3,g,1543,0,0,0
4,b,401,1,0,0
4,b,9,1,1,0
1,a,79,1,0,0
3,c,126,1,0,0
2,c,230,1,1,0
2,a,485,1,1,0
4,b,478,1,0,0
4,a,273,0,0,0
1,d,373,1,1,0
2,e,146,0,0,0
2,f,61,1,0,0
2,f,147,1,1,0
2,d,94,1,0,0
1,b,460,1,1,0
1,b,1263,0,0,0
3,b,83,1,0,0
3,g,342,0,0,0
1,d,53,1,0,0
4,d,384,0,0,0
3,f,40,1,0,0
3,g,409,1,0,0
1,f,325,1,0,0
1,g,542,0,0,0
3,d,310,1,0,0
3,d,316,1,1,0
1,g,66,1,0,0
2,f,27,1,0,0
4,c,1511,0,0,0
4,g,228,1,0,0
3,d,24,0,0,0
2,g,58,1,0,0
4,e,17,1,0,0
1,g,588,1,1,146
2,b,558,0,0,0
4,g,291,1,1,0
3,d,283,1,0,0
1,d,1084,0,0,0
1,f,460,1,0,0
1,g,392,1,1,799
4,e,296,1,1,0
1,b,1434,0,0,0
3,g,232,1,0,0
4,e,101,0,0,0
1,e,12,1,0,0
1,c,210,0,0,0
1,d,260,1,0,0
3,e,1781,0,0,0
1,e,276,1,0,0
3,d,1086,0,0,0
4,c,377,1,0,0
4,g,170,0,0,0
1,e,408,1,0,0
3,c,573,0,0,0
3,c,154,1,1,297
2,e,1993,0,0,0
3,c,240,1,0,0
2,a,278,1,0,0
3,f,268,1,0,0
2,g,638,0,0,0
4,g,1939,0,0,0
1,e,978,0,0,0
1,g,65,1,1,0
4,g,299,1,0,0
1,e,1997,0,0,0
4,g,71,1,0,0
1,a,443,1,1,0
4,b,474,1,0,0
1,d,166,1,1,0
3,d,35,0,0,0
1,f,322,1,1,0
2,b,294,0,0,0
4,e,485,1,0,0
2,e,288,1,0,0
4,b,714,1,1,688
4,f,399,1,0,0
3,g,159,1,1,0
2,a,1330,0,0,0
4,e,1185,0,0,0
1,c,413,0,0,0
2,d,121,1,0,0
3,c,18,1,0,0
1,b,1355,0,0,0
2,b,470,1,0,0
4,f,445,1,1,0
1,d,1813,0,0,0
1,e,155,1,0,0
3,g,58,1,1,0
3,d,1946,0,0,0
4,b,210,1,1,503
1,f,223,1,1,913
3,b,1700,0,0,0
1,b,68,1,0,0
4,e,498,1,0,0
4,f,1794,0,0,0
2,c,461,1,0,0
2,a,844,0,0,0
2,g,381,1,1,0
4,f,369,0,0,0
3,a,280,1,0,0
4,g,1478,0,0,0
2,g,1594,0,0,0
4,b,413,1,0,0
1,f,407,1,0,0
3,b,464,1,0,0
4,g,1828,0,0,0
4,a,732,0,0,0
3,a,1976,0,0,0
3,b,476,1,0,0
3,a,80,0,0,0
1,g,1068,0,0,0
4,b,173,1,0,0
4,a,1301,0,0,0
3,e,310,1,1,0
1,g,462,1,1,961
3,b,419,1,1,0
4,d,1014,0,0,0
4,b,796,1,1,505
3,g,403,1,0,0
4,b,437,1,0,0
2,d,448,1,1,0
3,c,6,1,0,0
4,e,472,1,0,0
4,e,911,1,1,304
3,d,951,0,0,0
1,f,988,0,0,0
1,f,1912,0,0,0
4,d,1734,0,0,0
3,g,143,1,0,0
3,c,250,1,0,0
1,f,219,1,0,0
4,g,234,1,0,0
2,d,1093,0,0,0
1,g,432,1,1,0
3,a,984,0,0,0
2,b,15,0,0,0
3,d,1726,0,0,0
3,d,1243,0,0,0
3,c,185,1,0,0
2,b,269,1,0,0
2,a,201,1,0,0
3,f,210,1,0,0
2,a,580,0,0,0
1,g,78,1,0,0
3,e,168,0,0,0
1,b,1577,0,0,0
3,b,227,0,0,0
4,a,815,0,0,0
4,a,385,1,0,0
1,b,550,0,0,0
3,e,582,0,0,0
4,c,647,1,1,490
4,a,102,1,0,0
2,f,1323,0,0,0
1,c,197,1,0,0
4,f,414,1,0,0
3,g,375,1,0,0
4,d,1606,0,0,0
1,g,67,1,0,0
1,g,61,1,0,0
4,e,723,0,0,0
1,g,600,0,0,0
1,a,70,1,1,0
3,b,401,1,1,0
1,b,300,1,0,0
2,a,406,1,1,0
4,d,323,1,1,0
1,g,381,1,1,0
1,g,1525,0,0,0
2,c,1730,0,0,0
4,b,358,1,1,0
1,e,65,1,1,0
1,e,447,0,0,0
3,g,759,0,0,0
1,g,1832,0,0,0
1,b,1373,0,0,0
1,a,111,1,0,0
2,g,164,1,1,0
3,f,1553,0,0,0
3,b,582,0,0,0
3,d,77,0,0,0
4,f,1434,0,0,0
1,d,345,1,0,0
3,c,44,1,1,0
2,b,931,0,0,0
1,e,463,1,1,0
1,c,53,1,0,0
2,a,180,1,0,0
2,a,235,1,1,486
4,g,283,1,0,0
3,c,168,1,0,0
3,c,57,1,0,0
1,a,37,1,0,0
2,b,1079,0,0,0
3,d,482,1,1,0
1,a,184,1,1,0
2,b,939,0,0,0
2,a,143,1,0,0
2,a,50,1,0,0
3,d,105,1,0,0
1,f,438,1,1,0
1,f,24,1,1,0
3,b,52,0,0,0
2,f,966,1,1,660
4,d,125,1,0,0
2,e,8,1,0,0
1,d,825,0,0,0
4,c,746,0,0,0
3,c,1147,0,0,0
4,e,482,1,1,0
1,c,410,0,0,0
4,e,394,0,0,0
2,g,142,1,0,0
1,g,96,1,0,0
4,c,168,1,0,0
1,f,415,1,0,0
4,d,939,0,0,0
3,d,113,1,0,0
1,f,267,1,1,0
1,d,199,1,0,0
1,b,1017,0,0,0
2,c,161,0,0,0
1,f,137,1,0,0
2,a,1184,0,0,0
2,b,60,1,0,0
4,g,330,1,0,0
4,d,1701,0,0,0
1,g,208,1,0,0
2,c,408,1,0,0
2,f,1643,0,0,0
3,c,561,0,0,0
4,d,178,1,1,0
1,d,179,1,0,0
1,c,52,1,0,0
2,g,495,1,1,0
2,e,184,1,0,0
3,c,637,1,1,53
3,c,411,1,0,0
4,c,56,1,0,0
3,e,303,1,0,0
3,c,1,1,0,0
4,d,1003,0,0,0
2,a,95,1,0,0
3,e,110,1,0,0
4,d,297,1,0,0
4,c,1701,0,0,0
4,d,404,1,0,0
2,d,187,1,0,0
4,g,281,0,0,0
1,f,252,1,0,0
4,g,278,1,1,0
2,e,1639,0,0,0
4,e,1808,0,0,0
4,a,291,1,1,0
4,b,331,1,0,0
3,a,1860,0,0,0
4,b,92,1,0,0
3,c,124,1,1,453
3,a,1424,0,0,0
1,b,132,1,0,0
1,d,225,1,0,0
2,g,447,1,0,0
4,e,225,1,0,0
4,c,1465,0,0,0
2,c,705,0,0,0
4,b,434,1,1,0
3,c,359,1,0,0
1,f,78,1,1,0
4,b,94,1,0,0
4,e,1504,0,0,0
1,d,561,1,1,575
4,e,152,1,1,0
2,e,419,0,0,0
4,a,1370,0,0,0
4,b,406,1,1,0
1,b,1471,0,0,0
1,f,484,1,0,0
1,f,902,0,0,0
4,b,306,1,0,0
4,f,14,1,0,0
3,c,114,1,0,0
4,f,1774,0,0,0
1,a,386,1,0,0
4,d,386,1,0,0
3,g,341,1,0,0
1,d,28,1,0,0
4,c,692,1,1,440
4,b,422,1,0,0
4,a,177,1,0,0
1,e,1981,0,0,0
1,b,476,0,0,0
3,d,108,1,1,0
1,c,378,0,0,0
2,c,364,1,0,0
1,a,1639,0,0,0
3,e,182,1,1,0
4,c,296,1,0,0
3,d,1997,0,0,0
4,b,363,1,0,0
1,b,562,0,0,0
1,c,58,0,0,0
4,d,38,1,1,0
2,c,730,0,0,0
4,e,764,0,0,0
3,b,392,1,0,0
1,d,284,1,0,0
2,g,432,1,0,0
4,c,281,1,0,0
1,b,78,1,0,0
4,d,260,1,1,0
1,a,29,1,0,0
2,d,558,1,1,314
4,a,389,1,0,0
1,f,367,1,1,0
2,g,117,1,1,0
3,c,614,0,0,0
1,d,5,1,1,0
2,b,186,0,0,0
4,b,253,1,1,0
3,f,266,1,1,0
1,a,481,1,0,0
2,d,43,1,0,0
3,e,1697,0,0,0
1,a,420,1,0,0
2,d,236,1,0,0
3,a,1755,0,0,0
3,f,1246,0,0,0
3,a,125,1,1,0
3,g,172,0,0,0
1,g,111,1,0,0
3,d,1907,0,0,0
2,c,135,1,0,0
4,b,852,1,1,974
1,a,150,1,0,0
1,g,163,1,1,0
1,a,612,1,1,407
2,f,354,1,0,0
2,c,18,1,0,0
3,b,992,0,0,0
1,a,381,1,1,0
4,a,453,1,0,0
4,e,56,1,1,0
2,c,1236,0,0,0
2,c,474,0,0,0
4,f,337,0,0,0
1,f,491,1,0,0
2,e,418,0,0,0
2,a,569,0,0,0
4,g,210,0,0,0
2,a,226,1,0,0
4,c,192,1,1,0
1,f,1992,0,0,0
2,c,16,1,1,0
1,b,1086,0,0,0
1,c,305,1,0,0
1,c,112,1,0,0
1,a,359,1,1,0
4,e,956,1,1,130
2,b,497,0,0,0
1,b,1085,0,0,0
1,f,25,0,0,0
1,b,1507,0,0,0
1,e,1937,0,0,0
4,d,12,1,0,0
2,g,478,1,0,0
3,f,178,1,0,0
1,c,311,1,1,0
2,c,140,0,0,0
3,a,427,1,0,0
2,g,406,1,1,0
4,c,464,1,0,0
1,d,103,1,0,0
4,f,1520,0,0,0
2,d,64,1,1,0
1,f,1134,0,0,0
2,c,398,1,0,0
1,c,172,1,0,0
2,g,202,1,0,0
2,d,208,1,1,0
1,d,142,1,1,0
3,f,936,0,0,0
2,c,1318,0,0,0
3,e,1941,0,0,0
1,b,1161,0,0,0
3,g,1948,0,0,0
2,c,26,1,0,0
2,c,711,0,0,0
4,f,353,0,0,0
4,e,183,1,1,0
4,a,943,0,0,0
1,b,1239,0,0,0
2,d,495,1,0,0
2,e,12,0,0,0
3,d,386,1,1,0
4,b,517,0,0,0
1,g,32,1,1,0
3,g,329,0,0,0
1,f,497,0,0,0
3,b,404,1,0,0
2,c,1693,0,0,0
3,c,1029,0,0,0
2,c,1161,0,0,0
3,b,1644,0,0,0
3,c,252,1,1,0
3,g,1760,0,0,0
1,b,1527,0,0,0
2,c,272,1,0,0
4,a,245,0,0,0
4,c,461,0,0,0
4,b,139,1,0,0
2,g,423,1,0,0
3,c,269,1,1,0
2,c,60,1,0,0
1,d,1953,0,0,0
3,g,1027,0,0,0
4,e,411,1,0,0
1,a,297,1,0,0
2,g,31,1,1,0
1,a,168,1,1,0
4,a,192,1,0,0
4,d,1138,0,0,0
2,b,88,1,0,0
3,g,150,1,0,0
3,c,284,1,0,0
4,d,1274,0,0,0
1,g,285,0,0,0
3,g,282,1,1,0
2,a,48,1,0,0
2,c,1696,0,0,0
4,a,201,1,1,0
2,e,1838,0,0,0
1,g,222,1,1,0
3,c,1835,0,0,0
4,c,381,1,0,0
4,c,212,1,0,0
2,c,516,0,0,0
1,c,472,1,0,0
3,f,1837,0,0,0
3,b,545,0,0,0
3,d,1072,0,0,0
4,d,1662,0,0,0
1,g,456,1,0,0
1,g,1505,0,0,0
3,e,312,1,1,999
4,c,352,1,0,0
3,d,181,1,0,0
2,f,424,1,0,0
4,b,416,1,1,0
4,c,334,1,0,0
1,c,1420,0,0,0
1,c,424,1,1,0
4,e,465,1,0,0
2,e,188,1,1,0
3,e,91,1,0,0
2,a,193,1,1,0
2,c,92,1,0,0
3,g,168,1,0,0
4,d,188,1,0,0
4,a,277,1,0,0
1,e,94,1,1,0
3,f,396,1,0,0
3,g,501,0,0,0
1,a,430,1,0,0
2,c,1528,0,0,0
3,d,206,1,1,0
3,b,261,0,0,0
1,b,32,1,0,0
3,e,227,1,0,0
4,f,100,0,0,0
1,f,109,1,1,0
3,d,278,0,0,0
2,g,437,1,1,191
2,d,162,1,0,0
4,e,288,1,0,0
2,b,648,0,0,0
4,a,109,0,0,0
1,f,1778,0,0,0
4,f,590,0,0,0
4,b,1039,0,0,0
1,b,1884,0,0,0
4,f,26,1,1,0
3,e,308,1,1,634
4,g,102,1,1,0
1,g,345,1,1,0
4,e,44,1,0,0
1,c,459,0,0,0
3,g,3,1,1,0
3,d,1083,0,0,0
2,d,21,1,0,0
2,d,85,1,1,0
3,d,1865,0,0,0
4,g,1406,0,0,0
4,f,3,1,0,0
3,b,790,0,0,0
2,g,101,1,0,0
1,f,893,1,1,518
2,b,571,0,0,0
1,g,607,0,0,0
4,f,1892,0,0,0
1,b,1767,0,0,0
1,b,102,1,0,0
2,e,1875,0,0,0
2,b,878,0,0,0
3,g,107,0,0,0
2,a,80,1,0,0
2,c,280,1,0,0
1,f,1095,0,0,0
2,e,218,1,0,0
4,g,316,1,0,0
3,b,503,0,0,0
2,a,312,1,0,0
2,b,338,0,0,0
4,f,244,1,0,0
3,f,518,0,0,0
3,d,807,0,0,0
4,b,304,0,0,0
1,a,176,1,0,0
4,f,441,1,0,0
3,a,287,1,1,0
2,g,1188,0,0,0
3,d,587,0,0,0
4,f,1618,0,0,0
3,g,353,1,1,0
4,f,313,1,1,0
4,c,1330,0,0,0
2,g,296,1,0,0
1,a,621,1,1,767
3,f,118,1,1,0
1,g,475,1,1,0
4,f,48,1,0,0
2,f,306,1,1,0
1,d,370,1,1,0
3,e,275,1,0,0
4,d,244,0,0,0
4,e,728,1,1,273
4,a,494,1,0,0
3,c,202,1,0,0
4,c,110,1,0,0
4,g,1586,0,0,0
1,e,1244,0,0,0
3,e,116,0,0,0
1,g,293,1,1,0
3,g,104,1,0,0
3,b,352,1,1,0
3,d,259,1,1,0
4,g,362,0,0,0
1,a,368,1,0,0
3,g,1510,0,0,0
1,a,491,1,1,471
1,d,245,0,0,0
4,g,256,1,1,0
2,a,311,1,1,0
4,f,1612,0,0,0
1,c,1562,0,0,0
2,c,103,1,0,0
3,g,409,1,1,0
2,f,337,1,1,0
3,g,605,0,0,0
4,d,9,1,1,0
2,f,356,1,1,0
1,c,759,0,0,0
4,c,1166,0,0,0
2,b,346,0,0,0
1,a,265,1,1,192
4,g,317,1,0,0
4,c,212,1,0,0
3,c,133,1,1,0
2,a,288,1,0,0
4,b,250,1,1,0
3,d,1842,0,0,0
1,b,416,1,0,0
1,a,21,1,1,0
3,f,1528,1,1,89
3,c,157,1,0,0
2,b,103,0,0,0
1,d,287,1,1,0
3,c,135,1,0,0
1,a,130,1,1,283
3,d,449,1,0,0
1,e,13,0,0,0
4,a,619,0,0,0
4,g,420,1,1,0
1,e,352,1,0,0
4,g,130,1,0,0
3,g,464,1,1,0
4,g,463,0,0,0
3,a,122,1,0,0
4,d,1609,0,0,0
4,d,1954,0,0,0
4,c,1042,0,0,0
3,e,246,1,1,0
2,b,477,0,0,0
3,g,1012,0,0,0
3,a,1820,0,0,0
3,d,1869,0,0,0
1,c,18,1,0,0
2,g,418,1,1,214
4,g,997,0,0,0
3,f,398,1,0,0
4,g,904,0,0,0
3,a,151,1,1,0
2,d,370,1,0,0
3,d,361,1,1,0
4,a,378,1,0,0
2,g,373,1,1,0
4,f,407,1,1,0
2,b,244,1,1,0
1,g,288,1,0,0
3,b,417,1,1,0
1,a,140,1,0,0
4,b,208,1,0,0
1,b,1472,0,0,0
1,g,313,1,0,0
4,b,116,1,0,0
4,a,123,1,1,0
3,g,295,1,1,0
4,e,388,1,0,0
2,e,1216,0,0,0
4,f,585,0,0,0
2,a,360,1,1,0
4,b,226,1,1,761
4,c,48,1,0,0
2,g,78,1,0,0
1,f,10,0,0,0
2,c,262,1,1,0
1,b,340,1,0,0
3,d,210,1,0,0
3,f,173,1,0,0
3,g,403,0,0,0
4,d,10,1,1,0
3,e,22,1,1,0
3,a,342,0,0,0
1,b,1785,1,1,0
3,g,1932,0,0,0
2,e,285,0,0,0
4,g,308,1,0,0
4,c,205,1,1,0
4,g,1335,0,0,0
4,e,366,1,0,0
1,d,416,1,0,0
2,g,263,1,0,0
4,d,445,1,0,0
2,e,148,1,0,0
2,c,164,1,0,0
3,b,136,1,0,0
1,a,414,1,0,0
2,b,392,0,0,0
1,g,276,1,1,168
1,d,258,1,1,0
3,d,901,0,0,0
4,e,101,1,0,0
1,d,128,1,0,0
3,d,1578,0,0,0
3,g,661,0,0,0
2,e,1350,0,0,0
2,c,1236,0,0,0
4,a,1659,0,0,0
1,e,210,1,0,0
3,g,1433,0,0,0
2,c,1721,0,0,0
2,c,147,0,0,0
1,g,433,1,0,0
4,b,356,1,0,0
2,f,927,0,0,0
3,b,129,1,1,0
4,f,337,0,0,0
3,g,503,0,0,0
3,c,272,1,0,0
2,b,350,1,0,0
4,f,253,1,0,0
3,a,191,1,0,0
3,a,475,1,0,0
3,g,1655,0,0,0
1,b,807,0,0,0
3,c,722,1,1,309
1,f,787,1,1,977
2,c,428,1,0,0
4,e,339,1,1,0
1,e,690,0,0,0
3,c,138,1,0,0
2,b,1682,0,0,0
4,b,383,1,0,0
1,g,132,1,0,0
2,c,1574,0,0,0
2,a,198,1,1,0
3,e,401,1,1,0
2,d,286,1,0,0
2,e,431,1,1,0
2,a,338,1,1,0
2,c,593,0,0,0
4,d,120,1,0,0
2,g,1522,0,0,0
4,e,293,1,0,0
2,d,225,1,1,180
4,f,152,1,0,0
1,d,391,1,1,0
3,c,72,1,1,0
3,d,1173,0,0,0
3,g,331,0,0,0
1,g,98,1,1,0
2,d,676,1,1,801
3,b,187,0,0,0
4,e,325,1,0,0
3,g,97,1,1,0
1,d,149,1,0,0
4,g,334,1,0,0
3,a,405,1,1,0
3,f,34,1,1,0
2,b,944,0,0,0
2,d,246,1,0,0
3,b,1823,0,0,0
2,f,754,1,1,368
3,a,461,0,0,0
4,g,348,0,0,0
1,b,62,1,0,0
1,c,812,0,0,0
1,e,323,1,1,0
4,g,382,1,0,0
2,e,191,1,1,0
4,f,502,0,0,0
4,e,179,1,0,0
2,f,327,1,1,0
2,g,87,1,0,0
3,c,537,0,0,0
2,c,733,0,0,0
1,g,1084,0,0,0
4,a,139,1,0,0
2,e,422,1,0,0
4,a,922,0,0,0
4,a,247,1,1,0
1,e,355,0,0,0
1,b,491,1,0,0
4,a,250,0,0,0
3,b,300,1,0,0
3,a,70,1,1,0
4,g,1300,0,0,0
1,a,865,1,1,710
2,e,465,1,0,0
2,e,1852,0,0,0
3,g,215,1,1,0
1,d,72,1,0,0
3,b,237,1,1,0
4,f,1188,0,0,0
4,d,184,1,1,0
4,d,296,1,1,0
3,d,1082,0,0,0
3,e,208,0,0,0
3,a,459,1,0,0
4,a,1656,0,0,0
2,e,464,0,0,0
1,g,197,1,1,0
3,c,341,1,1,139
1,d,391,0,0,0
4,d,949,0,0,0
3,a,946,0,0,0
1,f,7,1,1,0
3,d,242,1,0,0
3,d,1584,0,0,0
2,d,411,1,1,0
1,e,1732,0,0,0
2,c,214,1,0,0
2,g,166,1,0,0
4,f,211,1,0,0
1,f,366,0,0,0
4,g,172,1,0,0
2,g,293,1,0,0
2,e,223,0,0,0
3,g,315,0,0,0
1,c,780,0,0,0
3,a,322,1,0,0
4,b,650,1,1,362
3,e,482,1,0,0
4,e,235,1,0,0
4,c,152,1,0,0
4,c,1776,0,0,0
1,b,1455,0,0,0
4,a,1763,0,0,0
4,g,11,0,0,0
4,a,1238,0,0,0
2,g,1688,0,0,0
3,e,175,1,0,0
2,e,1283,0,0,0
3,f,976,0,0,0
3,g,1557,0,0,0
1,f,79,1,0,0
2,d,663,1,1,583
2,g,351,1,0,0
3,e,408,1,0,0
3,g,409,0,0,0
3,g,1461,0,0,0
1,d,64,1,0,0
3,c,538,0,0,0
4,d,1067,0,0,0
4,a,163,1,0,0
4,e,177,1,0,0
3,g,1138,0,0,0
1,f,1420,0,0,0
3,d,85,1,0,0
1,d,896,0,0,0
2,c,1811,0,0,0
3,g,339,1,1,0
3,d,1143,0,0,0
2,c,135,1,0,0
4,c,84,1,1,0
4,g,268,0,0,0
3,f,1061,0,0,0
1,a,725,1,1,732
4,g,997,0,0,0
2,c,189,1,0,0
2,d,597,1,1,717
1,e,54,1,0,0
3,d,21,1,0,0
4,f,953,0,0,0
4,e,246,1,1,0
4,a,1272,0,0,0
3,d,602,0,0,0
1,f,1918,0,0,0
2,g,919,1,1,812
4,f,170,0,0,0
2,a,179,1,0,0
3,c,490,1,1,214
4,g,1166,0,0,0
1,e,734,0,0,0
1,d,184,1,1,526
4,g,358,1,0,0
1,b,44,1,1,0
1,e,35,1,0,0
3,a,175,0,0,0
1,e,165,1,1,0
4,d,186,1,0,0
3,d,29,1,0,0
4,c,318,1,0,0
2,d,408,1,1,0
3,b,290,1,0,0
3,e,370,1,1,0
4,g,238,1,1,0
1,b,484,1,1,0
2,g,305,1,0,0
1,c,303,1,0,0
4,d,1265,0,0,0
3,d,1244,1,1,0
1,c,1746,0,0,0
3,f,192,1,1,0
2,a,128,1,1,549
4,c,1442,0,0,0
1,b,466,1,0,0
1,c,39,1,1,0
2,g,375,1,1,597
2,d,1,1,0,0
3,b,341,1,0,0
3,g,483,1,0,0
1,d,280,1,1,0
2,d,2,1,0,0
4,d,44,1,0,0
2,f,1346,0,0,0
1,e,504,0,0,0
3,c,521,0,0,0
4,c,913,1,1,782
2,g,672,1,1,859
4,d,548,0,0,0
2,c,476,1,1,0
2,g,1180,0,0,0
2,b,1139,0,0,0
3,f,76,1,0,0
1,c,305,1,0,0
2,c,1911,0,0,0
3,d,1409,0,0,0
3,g,1715,0,0,0
2,c,345,1,0,0
4,b,274,1,0,0
2,g,80,1,0,0
1,e,1944,0,0,0
2,d,415,1,1,0
1,a,79,1,1,0
1,g,492,1,0,0
1,f,97,1,0,0
1,a,277,1,0,0
1,e,2,1,0,0
1,a,18,1,0,0
2,a,498,1,1,466
2,d,908,1,1,946
1,g,505,1,1,269
2,d,413,1,0,0
3,g,1302,0,0,0
2,f,355,1,1,0
4,e,682,0,0,0
2,f,1179,0,0,0
2,e,280,1,1,0
2,d,6,1,0,0
1,g,362,1,1,0
3,a,912,0,0,0
3,g,265,1,1,0
3,b,242,1,0,0
4,c,253,1,0,0
1,g,746,1,1,557
1,g,1003,0,0,0
4,d,665,0,0,0
4,f,1348,0,0,0
2,f,438,1,0,0
4,g,305,1,0,0
2,b,399,1,0,0
1,c,215,1,1,0
3,b,405,1,1,0
2,d,765,1,1,715
3,g,1628,0,0,0
1,e,193,1,1,0
1,c,938,0,0,0
4,e,284,1,0,0
4,g,812,0,0,0
1,c,13,1,0,0
2,f,1813,0,0,0
1,d,435,1,1,0
3,b,310,0,0,0
1,d,952,0,0,0
3,b,49,1,1,0
3,f,22,1,0,0
1,b,700,0,0,0
2,e,99,1,0,0
1,c,482,1,0,0
3,d,755,0,0,0
1,d,384,1,0,0
1,g,192,1,0,0
4,a,306,1,1,0
2,f,496,1,0,0
4,e,248,1,1,0
2,g,298,1,0,0
2,g,266,1,0,0
1,e,1132,0,0,0
2,g,205,1,0,0
3,a,682,0,0,0
2,e,169,0,0,0
4,b,243,1,0,0
1,d,459,1,1,0
1,e,96,1,0,0
3,g,162,1,1,0
2,g,339,1,0,0
4,f,211,0,0,0
2,e,201,1,1,0
4,a,1599,0,0,0
2,c,463,1,0,0
2,c,26,1,0,0
4,a,302,0,0,0
4,b,391,1,1,0
3,g,225,1,0,0
1,d,111,1,1,0
1,d,59,1,1,0
2,a,60,1,0,0
2,e,114,0,0,0
2,b,192,1,0,0
1,c,308,1,0,0
3,b,328,1,0,0
1,g,114,1,0,0
4,g,98,1,1,0
1,f,326,1,0,0
4,e,935,1,1,229
2,a,423,1,1,0
3,e,227,1,1,0
1,c,349,1,0,0
2,e,1744,0,0,0
2,g,494,1,0,0
1,c,241,1,1,0
1,a,1118,0,0,0
2,f,155,1,1,947
3,g,368,1,0,0
3,g,763,0,0,0
3,g,131,1,0,0
4,d,1676,0,0,0
2,a,304,1,0,0
2,d,297,1,0,0
2,a,221,1,0,0
1,e,431,1,0,0
1,c,251,0,0,0
4,d,1574,0,0,0
2,d,133,1,0,0
2,g,276,1,0,0
4,c,1594,0,0,0
4,a,583,0,0,0
3,e,189,1,0,0
2,f,289,1,1,0
2,d,1684,0,0,0
2,g,488,1,0,0
4,a,141,0,0,0
1,f,465,1,1,0
1,g,1207,0,0,0
3,e,647,1,1,62
1,g,329,1,0,0
3,b,920,0,0,0
3,c,143,1,1,0
2,f,197,1,0,0
3,f,853,0,0,0
2,b,1262,0,0,0
1,d,481,1,0,0
1,f,1082,0,0,0
3,e,193,0,0,0
1,d,202,1,1,0
2,a,33,1,0,0
3,f,1336,0,0,0
1,e,65,1,0,0
3,b,302,1,1,0
4,e,117,1,0,0
2,a,387,1,1,0
4,e,1179,0,0,0
4,d,875,0,0,0
1,g,1576,0,0,0
2,a,12,1,0,0
4,g,859,0,0,0
2,c,529,0,0,0
2,f,159,1,1,382
2,f,484,1,0,0
4,d,110,1,1,0
2,f,373,1,1,561
4,g,1866,0,0,0
1,a,640,1,1,757
3,g,253,0,0,0
2,b,227,1,0,0
2,g,379,0,0,0
3,d,172,0,0,0
2,g,849,1,1,797
3,e,840,1,1,735
3,c,370,1,0,0
1,a,774,1,1,193
2,e,535,0,0,0
1,g,445,1,1,0
1,e,271,1,1,0
1,a,734,1,1,431
2,e,370,1,1,0
1,g,433,1,0,0
3,e,320,0,0,0
3,d,183,1,0,0
2,a,350,1,1,0
1,d,12,1,1,0
1,g,183,1,1,0
1,e,1405,0,0,0
2,f,1187,0,0,0
3,f,347,1,0,0
1,c,546,0,0,0
3,c,239,1,0,0
3,b,474,1,1,0
2,a,415,1,1,725
2,e,391,1,1,0
2,c,196,0,0,0
2,e,145,1,0,0
3,e,272,1,1,38
4,a,638,0,0,0
2,e,216,0,0,0
2,a,76,1,0,0
1,a,16,1,0,0
4,f,423,1,0,0
1,f,393,1,0,0
4,e,70,1,0,0
4,e,474,1,1,0
2,d,134,1,0,0
2,e,234,1,0,0
4,a,1796,0,0,0
2,a,1041,0,0,0
2,g,857,0,0,0
1,c,173,1,1,0
1,g,1511,0,0,0
4,g,1724,0,0,0
3,f,387,1,0,0
2,c,949,0,0,0
3,c,213,1,1,0
4,e,807,0,0,0
1,d,272,1,1,220
3,f,97,1,0,0
1,c,918,0,0,0
3,f,282,0,0,0
1,b,289,1,0,0
1,e,1946,0,0,0
4,b,226,1,0,0
4,c,195,1,1,0
3,g,93,0,0,0
3,e,403,1,1,789
2,d,942,1,1,0
2,b,443,1,1,0
1,g,413,1,0,0
2,g,1392,0,0,0
3,f,482,1,1,0
1,c,107,1,0,0
3,f,17,1,1,0
4,a,482,1,1,0
4,a,419,1,0,0
3,a,136,1,0,0
2,e,395,1,0,0
2,a,647,0,0,0
2,a,310,1,0,0
2,c,291,1,0,0
2,b,44,0,0,0
3,c,95,1,0,0
1,e,409,1,0,0
1,e,1420,0,0,0
3,e,260,1,1,482
1,d,844,1,1,894
3,c,276,1,1,0
3,f,478,1,0,0
1,f,330,1,0,0
2,a,161,1,0,0
1,a,94,0,0,0
2,f,474,1,1,0
3,g,178,0,0,0
4,f,23,1,0,0
2,d,626,0,0,0
4,a,1489,0,0,0
3,b,473,1,1,0
3,g,1006,0,0,0
3,f,402,1,0,0
4,c,185,1,1,0
4,d,90,1,1,0
4,f,1345,0,0,0
1,d,156,1,1,0
2,e,265,1,0,0
4,g,1915,0,0,0
1,d,292,1,1,0
4,e,687,0,0,0
1,a,1275,0,0,0
3,b,249,1,1,500
3,f,1586,0,0,0
1,e,92,1,0,0
2,e,637,0,0,0
1,d,321,1,1,0
1,f,14,1,1,0
4,g,417,0,0,0
1,f,126,1,1,747
4,g,1932,0,0,0
3,d,333,1,0,0
4,f,257,1,0,0
3,c,453,1,0,0
1,f,145,1,0,0
3,a,1061,0,0,0
2,b,494,0,0,0
1,c,264,0,0,0
3,g,224,1,1,0
4,g,446,1,0,0
4,d,1422,0,0,0
1,g,749,0,0,0
3,b,235,1,0,0
1,f,378,1,0,0
3,b,688,1,1,0
4,d,1650,0,0,0
3,g,1982,0,0,0
4,d,933,0,0,0
2,a,1667,0,0,0
1,f,471,1,1,0
1,g,332,1,0,0
4,b,456,1,1,0
2,b,305,1,0,0
3,d,1337,0,0,0
1,c,692,1,1,88
4,g,403,1,1,0
2,e,262,1,0,0
2,b,202,1,0,0
2,a,1568,0,0,0
1,c,361,1,0,0
2,e,86,0,0,0
2,g,475,1,0,0
1,a,1360,0,0,0
3,d,998,0,0,0
3,c,386,0,0,0
1,e,1172,0,0,0
3,g,10,1,0,0
2,g,202,1,0,0
4,f,294,0,0,0
2,b,13,1,0,0
4,g,286,1,0,0
4,e,35,1,0,0
3,c,20,1,0,0
4,g,283,1,0,0
4,g,45,1,0,0
1,f,400,1,1,0
4,c,58,0,0,0
1,f,176,1,1,515
1,c,482,0,0,0
3,g,1370,0,0,0
1,a,401,1,0,0
4,c,759,0,0,0
4,g,317,1,1,0
2,g,1243,0,0,0
3,d,1594,0,0,0
1,f,455,1,1,756
1,e,160,1,0,0
2,e,214,1,0,0
4,f,928,0,0,0
1,g,958,1,1,161
1,e,319,1,0,0
1,c,68,1,0,0
2,a,443,1,0,0
2,b,1545,0,0,0
2,d,1445,0,0,0
3,e,29,1,0,0
3,f,426,1,0,0
2,c,811,0,0,0
1,c,482,1,1,0
4,c,1585,0,0,0
3,b,498,1,0,0
3,d,1340,0,0,0
4,b,197,1,1,456
4,b,228,1,0,0
1,d,1985,0,0,0
2,d,261,0,0,0
3,c,262,1,1,0
2,b,355,1,1,0
1,c,757,0,0,0
1,g,89,1,1,0
2,b,1901,0,0,0
3,d,182,1,0,0
4,f,466,0,0,0
1,c,1150,0,0,0
3,a,339,1,1,0
4,d,34,1,0,0
1,b,340,0,0,0
3,c,165,1,0,0
4,c,283,1,0,0
4,e,295,1,0,0
1,f,94,1,1,0
4,c,75,1,1,0
1,a,58,1,1,0
4,c,434,1,1,0
4,e,396,0,0,0
2,f,292,1,1,0
4,b,246,1,0,0
1,g,277,1,1,0
2,a,334,1,0,0
2,e,1512,0,0,0
2,c,1705,0,0,0
2,f,251,1,0,0
4,e,114,1,1,0
1,a,332,1,1,320
3,d,293,1,0,0
1,e,475,1,0,0
1,c,331,0,0,0
1,a,494,1,0,0
2,f,151,1,1,0
3,c,1861,0,0,0
4,d,1224,0,0,0
1,f,171,1,1,0
4,c,174,1,0,0
3,d,332,1,1,0
3,e,325,1,0,0
3,g,1384,0,0,0
1,a,443,1,0,0
3,d,273,1,1,0
4,c,183,1,0,0
4,d,102,1,1,0
1,b,423,1,0,0
4,f,57,1,1,0
2,e,204,1,1,0
4,d,282,1,0,0
1,a,216,0,0,0
1,c,45,0,0,0
4,e,330,1,0,0
4,a,735,0,0,0
3,c,317,0,0,0
1,f,290,1,0,0
4,f,377,1,0,0
4,e,206,1,0,0
2,c,336,0,0,0
1,b,1218,0,0,0
3,c,491,1,0,0
4,f,1724,0,0,0
4,f,116,0,0,0
3,d,324,1,0,0
4,e,220,1,1,0
4,e,926,1,1,744
3,b,302,1,0,0
2,a,263,1,0,0
2,b,410,1,0,0
2,f,14,1,0,0
4,d,105,0,0,0
2,g,121,1,1,0
1,d,495,1,0,0
4,e,443,1,0,0
2,a,236,1,1,0
3,d,80,1,0,0
4,b,754,1,1,879
4,e,378,1,0,0
3,b,574,0,0,0
3,f,19,1,0,0
1,e,1188,0,0,0
1,d,240,0,0,0
2,f,340,1,1,0
2,d,332,1,0,0
4,e,78,1,1,0
2,f,89,1,0,0
3,e,4,1,1,0
1,b,969,0,0,0
3,a,36,1,0,0
4,b,1573,0,0,0
2,b,24,1,0,0
3,d,55,1,0,0
3,a,1645,0,0,0
1,g,336,1,0,0
1,b,4,1,1,0
4,b,777,1,1,75
1,a,315,1,0,0
2,g,196,0,0,0
2,f,420,1,0,0
4,g,1485,0,0,0
3,f,426,0,0,0
3,c,191,1,1,0
3,c,487,1,1,0
4,g,1419,0,0,0
3,f,215,0,0,0
4,b,1617,0,0,0
4,g,1690,0,0,0
2,g,1282,0,0,0
1,d,44,1,0,0
4,a,50,1,0,0
3,d,270,1,1,0
3,e,439,1,1,0
2,c,519,0,0,0
3,g,5,1,0,0
2,c,1259,0,0,0
1,e,380,0,0,0
1,a,243,1,1,0
3,c,92,1,0,0
3,c,614,1,1,877
1,b,124,1,0,0
1,e,242,1,0,0
2,g,276,1,0,0
3,g,1244,0,0,0
3,a,1935,0,0,0
4,b,408,1,1,85
2,d,426,1,0,0
4,b,428,1,0,0
3,f,740,0,0,0
4,g,100,1,1,0
3,g,227,1,0,0
3,e,1821,0,0,0
3,b,951,1,1,0
3,b,473,1,0,0
2,g,247,1,1,0
1,a,491,1,0,0
2,b,257,0,0,0
4,g,175,0,0,0
2,d,1990,0,0,0
1,e,242,1,0,0
4,c,9,1,0,0
2,e,366,1,0,0
4,f,445,1,0,0
4,d,10,1,1,0
1,g,545,0,0,0
2,a,70,1,1,0
1,c,191,1,0,0
1,a,293,1,0,0
1,e,597,0,0,0
2,g,834,0,0,0
4,c,471,1,0,0
4,d,951,0,0,0
2,g,336,1,0,0
4,e,373,1,0,0
4,d,337,1,0,0
2,a,1020,0,0,0
4,e,629,1,1,465
2,e,215,1,1,0
3,c,233,1,1,0
3,d,120,1,1,0
3,e,1357,0,0,0
4,g,38,1,0,0
1,b,194,1,0,0
1,b,1279,0,0,0
3,g,464,0,0,0
2,c,45,1,1,0
1,f,496,1,1,0
3,d,913,0,0,0
2,a,124,1,0,0
3,d,456,1,1,0
2,e,87,0,0,0
2,f,350,1,0,0
3,b,362,1,1,0
3,e,432,1,1,0
1,a,154,1,0,0
4,c,245,1,0,0
1,a,198,1,0,0
1,f,138,1,0,0
1,g,20,1,0,0
4,d,403,1,0,0
2,a,1899,0,0,0
2,b,444,1,1,0
3,g,118,0,0,0
3,g,1033,0,0,0
1,c,390,1,1,0
4,e,1870,0,0,0
2,a,240,1,0,0
3,a,239,1,0,0
2,c,1438,0,0,0
1,b,516,0,0,0
3,a,192,1,0,0
4,c,288,1,1,0
2,b,1007,0,0,0
4,c,592,1,1,969
4,b,466,1,0,0
2,c,431,0,0,0
2,c,7,1,1,0
4,d,447,1,0,0
1,g,274,1,1,0
4,g,475,1,0,0
1,d,1895,0,0,0
3,c,260,0,0,0
1,g,807,0,0,0
1,e,282,0,0,0
1,e,912,0,0,0
1,c,61,1,0,0
2,c,1094,0,0,0
1,d,314,1,0,0
4,d,33,1,1,0
3,d,430,1,0,0
1,a,578,0,0,0
2,g,688,0,0,0
1,b,256,1,1,0
4,g,54,1,0,0
2,d,578,1,1,566
3,a,1614,1,1,67
4,a,1683,0,0,0
2,e,453,1,1,0
4,g,1034,0,0,0
1,g,364,1,1,0
4,a,1576,0,0,0
1,f,161,1,1,0
1,a,429,1,1,171
2,e,66,1,0,0
3,c,397,0,0,0
4,c,59,1,0,0
2,b,374,1,1,0
2,a,22,0,0,0
2,d,607,1,1,794
4,e,929,0,0,0
4,e,136,1,0,0
1,a,159,1,0,0
4,g,46,1,0,0
3,f,322,1,0,0
1,f,1981,0,0,0
3,b,241,1,1,0
1,c,157,0,0,0
3,b,956,1,1,971
2,c,113,1,0,0
1,a,26,1,0,0
2,c,200,0,0,0
2,b,263,1,0,0
2,c,469,1,1,0
1,g,385,1,1,0
4,a,835,0,0,0
2,g,503,1,1,627
2,a,767,0,0,0
2,a,154,1,1,0
1,e,502,0,0,0
2,c,621,0,0,0
2,f,216,1,0,0
2,e,423,1,1,0
2,d,1775,0,0,0
4,b,1645,0,0,0
2,e,222,1,1,0
3,g,1523,0,0,0
2,c,194,1,0,0
1,e,1471,0,0,0
2,f,1403,0,0,0
3,c,140,1,1,0
2,a,644,0,0,0
4,c,138,1,0,0
1,f,5,1,1,0
4,f,159,1,1,0
4,a,437,1,0,0
2,c,138,1,0,0
4,a,437,0,0,0
3,d,430,1,0,0
1,a,317,1,1,0
4,g,568,0,0,0
3,a,1652,0,0,0
4,e,89,1,0,0
4,g,494,0,0,0
2,b,71,0,0,0
1,g,82,1,0,0
4,a,457,1,0,0
2,g,469,1,1,401
3,e,89,1,0,0
1,d,948,0,0,0
1,c,1323,0,0,0
3,a,673,0,0,0
3,c,132,1,1,810
1,g,215,1,0,0
1,a,133,1,0,0
4,a,552,0,0,0
4,g,204,0,0,0
2,f,123,1,1,0
2,b,148,1,0,0
2,g,1882,0,0,0
3,a,1001,0,0,0
2,a,404,0,0,0
2,a,101,1,0,0
2,d,744,1,1,104
2,e,1326,0,0,0
3,e,887,1,1,779
4,d,1485,0,0,0
2,c,837,0,0,0
1,f,398,1,1,198
4,b,489,1,0,0
1,e,482,1,0,0
3,f,107,1,0,0
2,e,45,1,0,0
4,a,408,1,0,0
2,d,410,1,0,0
3,a,656,0,0,0
3,g,1008,0,0,0
4,e,347,1,1,0
3,e,480,1,1,0
2,c,199,1,0,0
1,b,1210,0,0,0
2,c,352,0,0,0
4,b,431,1,0,0
2,a,228,1,0,0
1,c,1810,0,0,0
3,f,181,1,0,0
1,c,1384,0,0,0
4,e,169,1,1,0
3,c,239,1,0,0
1,f,417,1,1,0
3,g,282,1,0,0
1,f,101,1,0,0
3,c,476,1,0,0
1,f,169,1,1,0
1,g,779,1,1,825
2,b,1903,0,0,0
3,e,464,1,1,0
3,a,147,1,1,0
1,g,223,1,0,0
1,b,180,1,0,0
3,f,1536,0,0,0
3,d,110,1,0,0
1,c,776,1,1,0
1,g,442,1,1,0
4,e,690,1,1,91
3,d,246,1,1,0
1,d,190,0,0,0
2,d,489,1,1,0
4,c,374,1,1,0
3,e,18,1,1,0
4,a,124,1,0,0
1,f,352,1,1,0
2,d,428,1,0,0
2,c,961,0,0,0
3,c,457,1,1,386
3,d,466,1,1,0
3,a,26,1,0,0
3,b,397,1,0,0
1,g,119,1,0,0
3,c,377,1,0,0
4,b,4,1,1,0
2,e,1864,0,0,0
4,b,496,1,1,953
2,f,336,1,1,0
4,c,460,1,1,0
3,e,1872,0,0,0
3,d,65,1,0,0
1,g,19,1,1,0
2,e,876,0,0,0
4,g,328,0,0,0
4,g,842,0,0,0
1,f,198,1,1,0
2,e,77,1,1,0
4,b,230,1,0,0
1,g,144,1,1,0
4,g,1340,0,0,0
4,d,348,1,1,0
3,g,182,1,1,0
1,d,413,1,0,0
3,c,410,1,1,0
2,f,1633,0,0,0
4,b,469,1,0,0
4,b,1646,0,0,0
4,e,1498,0,0,0
1,g,245,0,0,0
1,g,337,1,0,0
1,a,1733,0,0,0
2,g,41,1,0,0
1,e,1,1,0,0
1,a,267,1,1,0
4,f,473,1,0,0
1,c,360,1,0,0
1,g,128,1,0,0
2,a,652,1,1,586
3,d,1219,0,0,0
1,a,283,1,1,0
1,a,343,1,0,0
4,a,2,1,1,0
2,a,423,1,1,39
1,f,250,1,1,246
2,g,336,1,0,0
2,d,22,1,1,0
3,a,402,1,0,0
2,c,393,1,0,0
1,f,324,1,0,0
4,f,231,0,0,0
4,b,182,1,0,0
3,e,431,1,0,0
1,g,86,1,0,0
1,a,409,1,1,0
1,d,395,1,1,254
4,d,229,1,0,0
4,g,1495,0,0,0
1,e,261,1,1,0
2,d,407,1,0,0
1,b,113,0,0,0
3,g,45,1,0,0
3,e,267,1,1,578
4,d,101,1,0,0
1,d,224,1,0,0
4,f,501,0,0,0
2,b,724,0,0,0
2,c,371,1,1,0
3,d,580,0,0,0
4,c,304,1,0,0
4,e,37,1,0,0
1,b,1179,0,0,0
1,g,35,1,1,0
1,g,1,1,0,0
4,c,184,1,1,0
4,a,37,1,0,0
3,c,461,1,0,0
2,e,1316,0,0,0
4,a,70,1,0,0
3,f,422,1,0,0
3,d,420,1,0,0
3,c,746,0,0,0
3,c,666,1,1,0
3,c,309,1,0,0
4,c,1280,0,0,0
2,c,1789,0,0,0
2,g,78,1,1,0
1,e,739,0,0,0
3,b,538,1,1,905
3,c,350,1,1,849
2,d,318,1,0,0
3,d,1914,0,0,0
2,a,1788,0,0,0
1,b,296,1,0,0
4,g,271,1,0,0
1,a,292,1,0,0
2,b,324,1,0,0
3,e,352,0,0,0
1,g,7,1,1,0
4,e,497,1,0,0
3,d,519,0,0,0
4,b,265,1,0,0
4,f,1567,0,0,0
2,b,230,1,0,0
3,c,25,1,0,0
4,e,1835,0,0,0
2,f,470,1,1,735
3,d,237,1,1,0
4,f,112,1,0,0
4,d,1408,0,0,0
4,c,1047,0,0,0
1,f,401,0,0,0
2,d,194,1,0,0
4,b,219,1,0,0
2,b,518,0,0,0
1,c,359,1,0,0
4,d,673,0,0,0
4,b,217,1,0,0
2,a,477,0,0,0
3,f,201,1,1,0
2,b,1005,0,0,0
2,c,405,1,1,0
4,f,380,1,0,0
1,f,1694,0,0,0
2,c,141,1,0,0
3,g,1209,0,0,0
2,e,1544,0,0,0
1,f,552,0,0,0
3,g,473,0,0,0
1,g,184,1,1,0
2,d,758,0,0,0
3,e,91,1,1,0
1,g,415,1,1,0
3,d,1282,0,0,0
3,a,1059,0,0,0
4,e,420,1,1,0
1,d,1519,0,0,0
4,b,333,1,1,0
2,e,394,1,1,0
4,d,239,1,0,0
3,e,258,1,1,545
1,g,256,1,1,0
4,c,434,1,0,0
1,g,187,0,0,0
1,f,221,1,1,0
2,f,429,1,1,0
4,a,1502,0,0,0
4,f,239,1,1,0
3,b,945,0,0,0
3,b,671,1,1,516
2,d,571,0,0,0
3,b,379,1,1,0
2,a,185,1,1,0
4,a,138,0,0,0
3,g,808,0,0,0
2,d,1451,0,0,0
4,f,1357,0,0,0
4,a,295,1,0,0
3,d,671,0,0,0
1,d,193,1,0,0
4,g,906,0,0,0
2,e,251,1,1,0
3,d,318,1,0,0
1,f,331,1,1,0
3,a,458,1,0,0
3,b,199,1,0,0
2,c,440,1,0,0
1,d,438,1,0,0
4,d,212,1,0,0
2,b,379,1,1,0
1,d,488,1,1,0
1,c,629,1,1,95
1,c,477,1,0,0
1,a,320,1,0,0
1,g,425,1,1,0
2,e,442,1,1,0
4,c,28,1,0,0
2,e,496,0,0,0
4,e,291,1,1,922
3,e,427,1,1,0
4,f,33,1,0,0
3,b,92,1,0,0
4,b,452,1,0,0
4,c,235,1,0,0
4,g,455,1,0,0
4,b,498,1,1,0
4,f,31,1,1,0
4,e,319,1,0,0
2,c,145,1,0,0
1,a,466,1,1,0
3,d,120,1,0,0
4,a,196,1,0,0
1,g,319,1,0,0
1,e,1425,0,0,0
1,b,703,0,0,0
2,f,140,1,1,0
4,f,670,0,0,0
2,c,144,1,1,0
4,c,1635,0,0,0
1,c,45,1,1,0
4,a,805,0,0,0
1,f,340,0,0,0
1,e,234,1,0,0
3,c,375,1,1,0
3,d,1944,0,0,0
4,f,1069,0,0,0
3,f,978,0,0,0
3,e,990,1,1,782
3,b,184,1,1,444
4,b,402,1,0,0
3,c,140,1,0,0
4,d,307,1,0,0
4,a,207,0,0,0
2,g,208,1,0,0
1,a,1890,0,0,0
1,f,186,1,0,0
3,g,1091,0,0,0
3,g,190,0,0,0
2,b,214,1,0,0
1,g,133,1,0,0
2,g,933,0,0,0
3,e,249,1,1,0
2,g,472,1,1,0
4,d,1538,0,0,0
1,c,231,0,0,0
2,a,141,1,1,639
3,g,822,0,0,0
3,b,137,1,1,0
4,b,954,0,0,0
4,d,386,0,0,0
4,e,189,0,0,0
2,b,1623,0,0,0
4,f,908,0,0,0
2,d,266,1,0,0
1,e,80,1,1,0
4,f,306,1,1,0
4,c,121,1,0,0
1,b,1782,0,0,0
3,g,129,0,0,0
4,g,145,1,0,0
1,d,459,1,1,0
1,a,175,1,1,0
3,d,398,1,0,0
2,c,190,1,1,0
1,a,350,0,0,0
4,a,301,1,0,0
4,e,359,1,1,58
2,d,383,1,1,0
1,g,423,1,0,0
3,f,203,0,0,0
1,f,191,1,1,0
1,d,417,1,1,0
2,a,804,0,0,0
1,c,476,0,0,0
1,e,1765,0,0,0
3,e,493,1,1,580
1,e,200,1,0,0
2,g,23,0,0,0
2,e,1814,0,0,0
2,c,64,1,1,0
4,g,104,1,0,0
3,b,390,1,0,0
2,a,433,1,1,0
1,g,213,1,1,890
1,d,64,1,0,0
4,a,1025,0,0,0
2,d,231,1,0,0
2,e,1916,0,0,0
2,d,476,1,1,0
3,a,489,1,1,0
2,b,234,1,1,0
4,e,493,1,0,0
1,d,981,0,0,0
3,a,430,1,1,0
3,a,11,1,0,0
3,f,219,1,0,0
1,d,280,0,0,0
1,a,1134,0,0,0
4,f,911,0,0,0
1,c,1099,0,0,0
1,a,307,1,1,0
2,c,446,0,0,0
4,f,1563,0,0,0
4,c,998,1,1,0
1,b,253,1,0,0
4,d,1120,0,0,0
1,f,222,1,1,0
2,f,22,1,1,0
2,f,693,1,1,536
2,a,76,0,0,0
4,c,7,1,0,0
4,d,469,1,0,0
4,g,220,1,1,0
1,d,399,1,0,0
1,e,75,1,1,0
3,g,227,1,0,0
1,g,336,1,0,0
3,c,696,0,0,0
2,e,443,1,1,0
4,e,1304,0,0,0
4,c,824,0,0,0
3,a,195,1,1,0
1,d,446,1,1,0
1,a,345,1,0,0
1,a,658,0,0,0
3,b,497,1,1,0
1,d,241,1,1,60
4,g,772,0,0,0
3,b,256,1,0,0
4,e,709,1,1,773
1,e,205,1,0,0
2,c,715,0,0,0
2,g,479,1,1,0
3,e,357,0,0,0
4,d,184,0,0,0
3,f,736,0,0,0
2,b,445,0,0,0
1,g,261,1,0,0
2,e,1011,0,0,0
4,c,691,0,0,0
4,e,380,1,1,599
3,a,1632,0,0,0
2,e,297,1,0,0
4,e,15,1,0,0
2,b,900,0,0,0
2,f,876,0,0,0
2,c,339,1,0,0
4,g,470,1,0,0
3,f,25,1,0,0
4,c,989,1,1,918
2,c,1165,0,0,0
2,b,9,1,0,0
1,c,682,0,0,0
3,e,132,1,1,0
1,d,472,1,0,0
4,c,1634,0,0,0
4,b,670,0,0,0
1,g,237,1,1,0
2,c,228,1,1,0
4,e,289,1,0,0
1,c,400,1,1,0
3,d,187,0,0,0
2,b,34,1,0,0
4,g,319,1,0,0
4,d,87,1,0,0
4,f,125,1,0,0
2,a,261,1,0,0
1,e,472,1,0,0
4,f,183,1,0,0
3,b,490,1,0,0
3,d,1343,0,0,0
1,c,1009,0,0,0
4,b,240,0,0,0
4,e,628,0,0,0
3,d,136,1,1,0
2,g,277,1,1,682
4,f,1546,0,0,0
1,f,209,1,0,0
1,c,1274,0,0,0
2,a,482,1,0,0
2,a,141,1,0,0
3,e,290,1,0,0
4,f,269,1,0,0
2,e,326,1,1,0
4,a,1098,0,0,0
3,e,279,1,0,0
4,a,169,1,0,0
3,b,1743,0,0,0
2,d,465,1,0,0
3,d,9,1,0,0
1,e,113,1,0,0
2,f,232,1,1,0
2,f,101,1,1,0
4,f,520,0,0,0
1,c,1708,0,0,0
4,e,295,1,1,0
4,f,285,1,0,0
1,g,219,1,0,0
1,b,637,0,0,0
3,a,1550,0,0,0
1,c,453,1,0,0
3,a,476,0,0,0
1,c,1626,0,0,0
4,a,1179,0,0,0
3,c,162,1,0,0
4,b,1037,0,0,0
3,d,428,1,0,0
2,d,319,1,0,0
2,e,378,0,0,0
1,b,700,0,0,0
3,f,1533,0,0,0
3,e,256,1,0,0
4,c,114,1,1,0
1,c,1083,0,0,0
2,b,109,1,0,0
3,c,326,0,0,0
2,d,313,1,1,0
4,g,871,0,0,0
1,g,271,1,0,0
3,g,367,1,0,0
3,f,1342,0,0,0
3,c,349,0,0,0
1,b,475,1,0,0
1,f,66,1,0,0
4,a,1602,0,0,0
4,e,788,1,1,567
1,g,487,1,1,0
1,g,64,1,0,0
3,f,185,1,0,0
1,c,126,1,1,0
3,c,47,1,0,0
3,f,1136,0,0,0
1,d,847,0,0,0
2,d,164,1,0,0
1,b,1607,0,0,0
1,d,361,1,1,220
1,a,159,1,1,0
2,f,387,1,1,0
2,d,225,1,1,0
2,g,189,1,1,0
4,a,370,1,0,0
2,c,1764,0,0,0
3,d,1815,0,0,0
1,e,1794,0,0,0
3,a,134,1,0,0
2,a,814,1,1,136
4,g,1948,0,0,0
1,f,451,1,1,0
3,f,469,0,0,0
1,c,37,1,0,0
4,e,65,1,0,0
1,g,10,1,0,0
2,c,288,1,0,0
1,a,370,1,1,0
2,b,1624,0,0,0
1,e,1305,0,0,0
4,d,57,1,0,0
2,g,214,1,0,0
1,d,75,1,1,0
1,e,1484,0,0,0
2,b,384,1,0,0
2,d,284,1,0,0
4,g,953,0,0,0
4,b,199,1,0,0
2,b,19,1,1,0
1,b,427,0,0,0
4,a,96,1,1,0
4,g,1776,0,0,0
3,g,110,1,1,0
3,e,1986,0,0,0
4,g,694,0,0,0
4,f,632,1,1,30
3,g,1519,0,0,0
3,f,274,1,0,0
3,d,1614,0,0,0
3,f,446,1,1,0
4,c,308,1,1,0
3,f,19,1,1,0
3,c,172,1,1,0
1,g,511,1,1,775
4,b,126,1,1,0
1,d,233,1,0,0
4,b,331,1,0,0
4,d,302,1,0,0
3,b,661,0,0,0
3,g,798,0,0,0
1,a,955,0,0,0
2,e,365,1,0,0
2,f,275,1,1,0
4,f,1069,0,0,0
4,g,53,0,0,0
1,b,874,0,0,0
4,e,186,0,0,0
1,g,169,1,1,0
3,d,975,0,0,0
1,g,50,1,0,0
2,d,484,1,1,784
1,c,163,1,0,0
1,d,97,1,0,0
1,g,733,1,1,496
4,f,78,1,0,0
3,c,5,1,0,0
4,b,249,1,0,0
1,a,399,1,1,0
4,f,279,1,0,0
3,g,464,1,0,0
3,f,573,0,0,0
2,e,1952,0,0,0
4,f,1824,0,0,0
4,d,234,1,1,0
3,e,1000,0,0,0
3,d,67,0,0,0
3,d,202,1,0,0
2,g,186,1,0,0
3,e,96,1,0,0
3,c,691,1,1,0
1,d,1031,0,0,0
1,g,927,0,0,0
3,c,490,1,1,0
1,d,243,1,1,0
3,e,136,1,0,0
4,d,54,1,0,0
4,a,780,0,0,0
3,e,164,1,1,0
2,a,99,1,0,0
1,d,137,1,0,0
4,f,739,0,0,0
4,e,259,1,1,0
3,a,403,1,1,0
1,d,237,1,0,0
3,a,110,0,0,0
3,b,386,1,0,0
2,e,374,1,0,0
3,b,102,0,0,0
2,a,250,1,0,0
2,e,254,1,0,0
4,b,353,1,1,0
3,f,70,1,0,0
3,d,354,1,1,0
1,d,202,1,1,0
3,c,1726,0,0,0
3,d,255,1,1,0
4,a,141,1,0,0
4,c,493,1,1,0
3,f,276,1,1,0
2,g,29,1,1,0
1,f,415,1,1,975
3,e,842,1,1,151
3,f,1518,0,0,0
1,a,454,0,0,0
4,e,138,1,1,0
1,d,204,1,1,0
4,a,55,1,1,0
1,c,315,1,1,0
1,a,260,1,0,0
4,c,77,1,1,0
3,b,154,1,0,0
3,g,300,1,1,0
1,g,224,1,1,0
2,f,302,1,0,0
2,f,273,1,1,0
1,c,14,1,0,0
2,d,433,1,1,0
1,a,477,1,1,0
2,f,448,1,0,0
2,c,437,1,0,0
3,e,852,0,0,0
1,a,63,1,1,0
2,g,551,0,0,0
2,f,36,1,0,0
3,b,369,1,1,0
3,f,1065,0,0,0
3,f,1220,0,0,0
2,f,926,1,1,798
3,b,126,1,0,0
3,b,320,1,0,0
3,d,349,0,0,0
4,g,122,1,1,0
3,e,326,1,0,0
1,g,372,1,1,149
3,c,260,1,0,0
3,f,199,1,0,0
4,g,79,1,1,0
4,a,176,1,1,0
1,c,277,1,1,0
1,d,426,1,0,0
2,e,192,1,0,0
4,f,1856,0,0,0
2,c,823,0,0,0
4,e,159,1,1,0
1,f,1,1,0,0
1,a,1064,0,0,0
3,f,406,1,0,0
1,f,38,1,1,0
3,c,451,1,0,0
1,f,154,1,1,0
2,g,1242,0,0,0
1,c,1637,0,0,0
1,e,247,1,0,0
2,e,1687,0,0,0
2,g,147,1,0,0
4,g,239,1,0,0
1,a,681,0,0,0
2,e,99,1,0,0
1,d,533,1,1,918
3,f,177,1,1,0
1,b,403,0,0,0
1,b,1943,0,0,0
1,e,700,0,0,0
3,g,276,1,1,0
1,f,212,1,1,608
4,f,1858,0,0,0
4,b,204,1,1,0
2,d,481,1,1,0
2,e,425,1,1,0
4,e,134,1,0,0
2,g,396,0,0,0
1,g,444,1,1,0
2,f,925,1,1,908
2,e,484,1,0,0
2,d,328,1,0,0
3,e,996,1,1,615
3,d,14,1,1,0
3,d,429,0,0,0
4,g,1988,0,0,0
1,c,144,1,0,0
3,d,189,0,0,0
1,c,696,0,0,0
3,g,179,1,0,0
3,g,1548,0,0,0
1,b,1420,0,0,0
3,f,966,0,0,0
3,g,224,1,0,0
4,g,879,0,0,0
1,e,96,1,0,0
1,e,420,1,1,0
4,f,163,1,1,0
2,e,326,0,0,0
4,a,1051,0,0,0
3,f,88,0,0,0
3,f,290,1,1,0
2,e,960,0,0,0
1,e,207,1,0,0
4,f,1056,0,0,0
3,d,350,1,0,0
4,d,1889,0,0,0
1,e,591,0,0,0
1,c,1064,0,0,0
1,e,1387,0,0,0
1,b,98,1,0,0
4,f,441,0,0,0
2,e,1177,0,0,0
3,g,50,1,0,0
1,b,163,0,0,0
1,c,75,0,0,0
2,e,1452,0,0,0
3,d,381,1,1,0
2,c,1297,0,0,0
3,d,1658,0,0,0
3,f,212,1,0,0
1,c,1544,0,0,0
3,g,133,0,0,0
4,g,1319,0,0,0
3,a,217,1,0,0
1,b,114,1,1,0
3,d,428,0,0,0
3,g,400,1,0,0
3,f,1186,0,0,0
3,d,77,1,0,0
3,g,625,0,0,0
1,b,41,1,0,0
4,a,1001,0,0,0
2,b,668,0,0,0
4,g,115,1,0,0
4,g,58,1,1,0
3,g,121,0,0,0
3,g,813,0,0,0
2,b,1968,0,0,0
1,c,65,0,0,0
3,f,439,1,1,0
2,e,1174,0,0,0
4,a,21,1,0,0
2,b,687,0,0,0
4,d,953,0,0,0
2,c,141,1,0,0
3,f,109,1,0,0
2,b,45,1,0,0
4,f,873,0,0,0
2,c,258,1,0,0
1,c,321,1,0,0
4,g,1715,0,0,0
3,g,1713,0,0,0
2,e,456,0,0,0
3,f,126,1,0,0
4,g,504,0,0,0
4,f,485,1,0,0
4,a,880,0,0,0
2,c,68,0,0,0
4,g,59,0,0,0
2,b,1578,0,0,0
4,g,1900,0,0,0
1,b,1942,0,0,0
2,c,409,1,0,0
3,a,158,1,0,0
1,b,362,1,0,0
1,c,848,0,0,0
4,a,1027,0,0,0
4,g,114,1,0,0
2,c,101,1,1,0
1,b,1299,0,0,0
3,a,1426,0,0,0
2,b,540,0,0,0
4,g,519,0,0,0
1,c,2,1,1,0
4,g,308,1,1,0
3,g,301,1,0,0
4,f,499,1,1,0
3,g,383,1,0,0
4,f,182,1,0,0
2,e,1814,0,0,0
3,f,1948,0,0,0
1,c,1009,0,0,0
3,g,428,1,1,0
2,c,318,1,0,0
1,c,1933,0,0,0
1,b,219,1,0,0
4,f,494,1,0,0
4,g,744,0,0,0
3,d,1424,0,0,0
3,g,11,0,0,0
2,b,179,1,1,0
2,b,220,1,0,0
4,d,351,0,0,0
3,f,372,1,1,0
4,g,475,1,1,0
1,e,1297,0,0,0
2,c,989,0,0,0
1,e,921,0,0,0
4,a,89,1,1,0
1,b,468,1,0,0
2,c,10,0,0,0
2,c,1612,0,0,0
1,e,373,1,1,0
3,f,56,0,0,0
4,d,1287,0,0,0
3,a,52,1,1,0
2,c,444,1,1,0
4,a,43,1,0,0
4,f,994,0,0,0
3,g,1643,0,0,0
4,a,385,1,0,0
4,a,213,1,0,0
4,d,27,1,0,0
3,d,180,0,0,0
1,b,227,1,1,0
2,e,228,1,0,0
2,b,1444,0,0,0
4,a,1409,0,0,0
2,c,394,1,0,0
3,f,446,0,0,0
4,f,135,1,1,0
4,a,833,0,0,0
1,b,458,0,0,0
3,g,160,1,0,0
2,c,1927,0,0,0
2,e,380,1,0,0
4,d,1223,0,0,0
2,b,179,0,0,0
2,e,733,0,0,0
1,e,1977,0,0,0
4,g,1161,0,0,0
1,e,1408,0,0,0
1,e,249,1,0,0
1,b,1284,0,0,0
2,c,392,1,0,0
2,c,537,0,0,0
3,a,383,1,0,0
2,b,221,0,0,0
4,d,122,0,0,0
3,a,188,1,0,0
2,b,82,1,0,0
2,e,344,1,1,0
1,e,1083,0,0,0
4,g,709,0,0,0
3,g,355,1,1,0
4,g,371,1,0,0
4,f,83,1,1,0
4,f,243,1,0,0
1,e,135,1,1,0
3,g,34,0,0,0
4,f,251,1,0,0
1,b,100,1,0,0
3,d,389,1,0,0
2,c,529,0,0,0
1,c,1900,0,0,0
3,g,150,1,0,0
3,d,476,1,1,0
4,a,34,1,1,0
4,f,332,1,1,0
3,f,461,1,0,0
4,a,20,1,0,0
3,f,283,1,1,0
2,c,228,1,1,0
3,d,104,0,0,0
3,d,292,1,0,0
1,c,486,1,0,0
2,c,391,1,1,0
4,g,321,1,0,0
4,f,290,0,0,0
1,b,1467,0,0,0
2,b,1194,0,0,0
4,f,1643,0,0,0
3,d,256,1,0,0
1,b,273,1,0,0
4,g,1598,0,0,0
1,b,185,0,0,0
4,g,276,1,1,0
3,g,1302,0,0,0
3,g,462,1,0,0
2,b,322,1,0,0
3,d,270,1,0,0
2,b,1043,0,0,0
3,d,129,1,1,0
3,f,238,1,0,0
3,f,204,1,0,0
2,e,754,0,0,0
1,b,304,1,0,0
3,g,1866,0,0,0
1,c,151,0,0,0
1,e,1871,0,0,0
1,e,1555,0,0,0
1,b,447,1,0,0
4,d,306,0,0,0
1,c,525,0,0,0
2,c,398,1,0,0
4,d,290,1,1,0
1,c,465,1,1,0
4,g,795,0,0,0
3,a,1540,0,0,0
3,f,1816,0,0,0
3,g,501,0,0,0
3,f,338,1,0,0
3,a,821,0,0,0
4,f,339,1,1,0
3,g,946,0,0,0
1,e,404,1,0,0
2,c,737,0,0,0
2,c,211,1,0,0
4,d,176,1,0,0
1,e,1703,0,0,0
3,a,92,1,0,0
2,b,269,1,0,0
4,d,284,0,0,0
3,d,417,1,1,0
4,a,1438,0,0,0
4,g,1044,0,0,0
1,e,1488,0,0,0
4,g,1142,0,0,0
2,c,1921,0,0,0
3,f,372,1,1,0
4,d,77,1,0,0
1,c,266,1,0,0
1,e,289,1,1,0
2,b,193,1,1,0
1,b,427,1,0,0
1,e,1556,0,0,0
2,e,737,0,0,0
4,f,205,1,0,0
1,b,1326,0,0,0
4,d,491,1,1,0
2,e,257,1,0,0
4,a,435,1,1,0
4,a,14,1,0,0
2,b,613,0,0,0
1,c,411,1,1,0
2,e,463,1,0,0
3,d,480,1,0,0
2,b,409,1,1,0
1,e,363,1,0,0
3,g,175,1,0,0
1,e,816,0,0,0
2,e,94,1,0,0
1,b,293,1,0,0
4,a,117,0,0,0
1,e,1818,0,0,0
1,c,986,0,0,0
1,e,473,0,0,0
2,c,241,1,0,0
2,c,785,0,0,0
1,c,1570,0,0,0
2,c,472,1,1,0
1,e,125,1,0,0
4,f,754,0,0,0
2,c,733,0,0,0
4,f,1532,0,0,0
1,c,239,1,1,0
4,a,1888,0,0,0
1,e,302,1,0,0
3,d,17,0,0,0
2,c,454,1,0,0
2,b,474,1,1,0
4,f,309,1,0,0
2,e,620,0,0,0
3,a,208,1,0,0
1,e,392,1,0,0
3,d,233,1,0,0
4,g,1374,0,0,0
4,g,22,1,0,0
2,c,1466,0,0,0
2,b,475,0,0,0
2,b,489,1,0,0
4,g,1472,0,0,0
3,f,330,0,0,0
2,b,492,1,1,0
3,d,1133,1,1,0
3,f,148,1,0,0
2,b,220,1,0,0
1,e,968,0,0,0
4,f,354,1,0,0
1,c,188,1,0,0
1,c,137,1,0,0
3,a,118,1,1,0
2,c,792,0,0,0
2,c,1180,0,0,0
3,d,447,1,1,0
3,g,487,1,0,0
3,a,1610,0,0,0
3,d,1599,0,0,0
4,f,316,1,1,0
2,b,742,0,0,0
3,f,1127,0,0,0
1,e,983,0,0,0
4,a,277,1,1,0
2,c,488,0,0,0
3,g,906,0,0,0
2,c,430,1,0,0
4,g,284,1,0,0
2,b,392,1,1,0
3,d,702,0,0,0
2,e,1575,0,0,0
1,c,466,1,1,0
3,d,359,1,0,0
1,e,1676,0,0,0
3,g,1016,0,0,0
3,f,1656,0,0,0
3,a,1062,0,0,0
2,b,1880,0,0,0
3,a,5,1,1,0
3,a,314,1,0,0
1,b,535,0,0,0
1,c,534,0,0,0
1,c,56,0,0,0
4,f,200,0,0,0
3,g,446,1,0,0
4,g,470,1,0,0
3,g,752,0,0,0
1,c,115,1,0,0
2,b,10,1,0,0
3,d,61,1,1,0
3,g,872,0,0,0
1,b,251,1,0,0
2,e,235,0,0,0
3,g,265,1,1,0
1,c,1604,1,1,89
3,f,362,1,1,0
1,b,226,1,1,0
3,g,856,0,0,0
1,c,1719,0,0,0
4,a,470,1,0,0
1,c,166,1,0,0
1,b,57,1,0,0
3,d,203,1,1,0
4,d,1403,0,0,0
3,f,1613,0,0,0
3,f,246,1,1,0
4,f,61,1,1,0
2,b,477,1,0,0
4,d,438,1,1,0
3,f,406,1,0,0
3,a,574,0,0,0
1,e,12,0,0,0
3,g,1516,1,1,0
1,e,109,1,1,0
3,g,669,0,0,0
3,f,245,1,1,0
3,f,393,1,1,0
4,f,282,1,1,0
4,a,1633,0,0,0
4,d,157,0,0,0
1,c,209,0,0,0
2,b,1019,0,0,0
1,c,90,0,0,0
3,d,1529,0,0,0
2,b,427,1,0,0
1,b,429,0,0,0
4,g,1092,0,0,0
4,f,1981,0,0,0
3,d,3,1,0,0
3,a,1931,0,0,0
2,e,146,1,0,0
1,e,542,0,0,0
4,a,397,1,0,0
1,b,1550,0,0,0
4,a,35,1,1,0
2,b,90,1,1,0
2,e,1437,0,0,0
1,e,356,1,0,0
2,b,244,1,1,0
1,c,163,1,0,0
2,c,145,0,0,0
2,c,514,0,0,0
4,d,460,0,0,0
1,b,1202,0,0,0
3,d,1543,0,0,0
3,g,493,1,0,0
4,f,135,1,0,0
2,e,241,1,0,0
4,d,403,1,0,0
3,g,19,1,1,0
2,b,479,1,0,0
4,a,323,1,0,0
2,c,490,1,0,0
1,c,1749,0,0,0
3,g,733,0,0,0
4,f,254,1,0,0
3,a,60,1,1,0
2,b,130,1,0,0
2,b,35,0,0,0
4,g,1104,0,0,0
2,c,429,1,1,0
1,c,218,1,1,0
1,e,207,0,0,0
3,g,887,0,0,0
2,e,985,0,0,0
2,e,378,1,0,0
4,d,107,1,0,0
4,g,437,1,1,0
3,g,272,1,0,0
2,e,380,0,0,0
4,d,482,0,0,0
3,g,1775,0,0,0
2,c,1093,0,0,0
1,c,595,0,0,0
1,b,1402,0,0,0
2,c,30,1,0,0
3,f,24,1,0,0
3,d,208,1,0,0
1,e,8,1,0,0
1,c,117,1,1,0
4,f,96,0,0,0
3,d,566,0,0,0
3,g,428,0,0,0
3,a,794,0,0,0
1,e,1219,0,0,0
3,d,75,1,0,0
3,a,406,1,0,0
1,e,450,0,0,0
3,g,480,1,1,0
1,c,37,1,0,0
1,b,323,1,0,0
3,d,414,1,0,0
3,f,134,1,0,0
4,a,1053,0,0,0
3,a,148,1,0,0
1,c,20,1,1,0
3,g,50,1,0,0
4,g,6,1,0,0
3,f,37,0,0,0
4,g,463,1,0,0
1,c,5,1,1,0
2,b,777,0,0,0
2,b,304,1,1,0
3,d,290,1,0,0
4,f,277,0,0,0
2,c,934,1,1,0
3,f,493,1,0,0
1,b,1140,0,0,0
4,f,675,0,0,0
3,d,440,1,0,0
4,d,29,0,0,0
3,g,799,0,0,0
1,e,506,0,0,0
1,b,150,1,0,0
3,d,1423,0,0,0
1,e,486,1,1,0
3,a,699,0,0,0
4,g,76,0,0,0
4,d,128,1,0,0
2,e,1442,0,0,0
4,d,58,0,0,0
3,d,1994,0,0,0
4,g,1682,0,0,0
4,d,512,0,0,0
3,a,392,1,0,0
4,g,244,1,1,0
4,d,1713,0,0,0
2,e,375,1,1,0
3,d,1286,1,1,0
1,c,253,1,0,0
1,c,180,0,0,0
3,d,844,0,0,0
4,g,206,1,0,0
2,b,461,1,0,0
1,b,112,1,1,0
2,b,490,1,1,0
1,b,1277,0,0,0
2,c,308,1,1,0
3,g,2,0,0,0
3,d,126,0,0,0
2,e,660,0,0,0
3,a,343,1,1,0
1,e,1757,0,0,0
3,d,735,0,0,0
4,g,208,1,0,0
1,e,154,0,0,0
1,b,1476,0,0,0
4,a,34,1,1,0
3,d,1877,0,0,0
2,c,240,1,0,0
3,a,373,1,0,0
3,g,594,0,0,0
1,e,2,1,0,0
3,g,1928,0,0,0
4,g,208,1,0,0
4,g,1399,0,0,0
1,b,235,0,0,0
3,a,385,0,0,0
1,b,245,1,1,0
1,c,100,1,1,0
2,c,1118,0,0,0
3,a,430,1,0,0
3,g,466,1,1,0
2,b,2,1,0,0
4,a,430,1,1,0
2,b,419,0,0,0
2,e,1883,0,0,0
3,a,211,1,1,0
4,f,470,1,0,0
4,g,223,1,1,0
3,d,430,1,1,0
2,b,63,1,1,0
2,c,384,0,0,0
3,f,77,0,0,0
4,f,597,0,0,0
4,f,1404,0,0,0
1,b,153,1,1,0
4,g,564,0,0,0
2,c,1628,0,0,0
4,f,88,1,0,0
1,b,328,1,0,0
3,d,1122,0,0,0
4,d,210,1,1,0
3,f,477,1,0,0
2,b,142,1,1,0
1,e,680,0,0,0
3,a,43,1,0,0
4,d,26,1,0,0
1,c,20,0,0,0
3,d,401,1,0,0
4,a,1139,0,0,0
4,a,920,0,0,0
4,a,438,1,1,0
2,e,1261,0,0,0
3,d,168,0,0,0
1,e,803,0,0,0
2,c,270,1,1,0
4,a,405,1,0,0
3,g,1579,0,0,0
2,b,114,1,1,0
1,e,110,0,0,0
4,f,424,1,1,0
3,a,1650,0,0,0
3,f,218,0,0,0
3,a,273,1,1,0
2,b,1983,0,0,0
3,f,384,1,1,0
3,a,449,0,0,0
2,e,1986,0,0,0
4,g,564,0,0,0
4,f,38,1,0,0
3,f,885,0,0,0
2,c,1256,0,0,0
4,f,1238,0,0,0
1,c,338,1,0,0
2,b,441,1,0,0
4,d,515,0,0,0
1,c,277,1,0,0
3,d,374,0,0,0
2,e,839,0,0,0
1,e,173,1,1,0
3,a,303,1,0,0
1,b,1100,0,0,0
3,f,491,1,0,0
4,a,381,1,0,0
1,c,195,1,1,0
4,d,1951,0,0,0
2,e,367,1,0,0
1,c,431,0,0,0
2,b,149,1,0,0
3,g,310,1,1,0
1,c,120,1,0,0
2,e,813,0,0,0
1,e,809,1,1,91
3,f,115,1,1,0
3,a,687,0,0,0
2,c,1396,0,0,0
4,a,14,1,0,0
1,c,337,1,0,0
2,b,254,1,0,0
3,d,280,0,0,0
4,g,106,1,0,0
1,e,275,1,1,0
2,b,649,0,0,0
2,c,120,1,0,0
1,c,239,1,0,0
4,a,1378,0,0,0
1,c,430,1,0,0
3,g,156,1,0,0
2,c,1155,0,0,0
3,f,378,1,0,0
4,d,142,1,0,0
3,a,144,1,0,0
1,c,733,0,0,0
3,a,269,0,0,0
3,f,1915,0,0,0
4,f,1048,0,0,0
3,a,1198,0,0,0
4,a,281,1,1,0
3,d,112,1,0,0
3,d,1104,0,0,0
1,b,1190,0,0,0
2,e,231,1,1,0
2,c,8,1,0,0
4,a,896,0,0,0
4,g,1746,0,0,0
4,g,96,1,0,0
4,d,436,0,0,0
2,c,1942,0,0,0
4,g,465,1,0,0
4,f,1513,0,0,0
4,f,538,0,0,0
4,a,284,1,0,0
1,b,1810,0,0,0
2,b,274,1,1,0
1,b,1936,0,0,0
3,a,1106,0,0,0
3,f,1495,0,0,0
4,f,459,1,0,0
4,d,379,0,0,0
3,a,178,1,0,0
4,d,255,1,0,0
3,a,322,1,0,0
4,a,1714,0,0,0
2,e,610,0,0,0
3,g,1114,0,0,0
1,c,1958,0,0,0
4,f,1007,0,0,0
4,d,1869,0,0,0
2,c,1895,0,0,0
4,f,142,1,1,0
2,b,649,0,0,0
2,c,113,1,1,0
2,e,1326,0,0,0
4,f,291,1,0,0
4,f,71,1,0,0
3,f,1739,0,0,0
3,g,423,1,0,0
4,f,36,1,0,0
4,f,635,0,0,0
3,g,62,1,1,0
2,b,56,1,0,0
1,b,295,0,0,0
2,e,7,0,0,0
4,d,422,1,0,0
4,f,174,1,0,0
2,e,93,1,0,0
3,d,263,1,0,0
2,b,18,1,0,0
3,f,617,0,0,0
4,f,1182,0,0,0
3,a,1325,0,0,0
2,e,80,1,1,0
3,d,426,0,0,0
1,b,256,1,0,0
4,g,1602,0,0,0
2,c,423,0,0,0
2,b,470,1,1,0
3,g,295,1,0,0
1,b,15,1,1,0
4,d,463,1,0,0
4,f,160,1,0,0
1,e,900,0,0,0
4,g,194,0,0,0
3,g,293,1,0,0
3,d,45,1,1,0
2,b,912,0,0,0
2,c,35,1,0,0
2,b,130,0,0,0
3,d,308,1,0,0
3,f,781,0,0,0
2,e,88,1,1,0
2,c,413,1,0,0
1,c,258,1,1,0
2,b,391,0,0,0
3,f,384,1,1,0
2,b,285,0,0,0
4,g,1559,0,0,0
3,f,1922,0,0,0
3,a,1144,0,0,0
2,c,1569,0,0,0
2,e,461,1,0,0
3,d,1332,0,0,0
2,c,208,0,0,0
1,b,100,1,1,0
2,c,470,0,0,0
1,b,325,1,0,0
4,g,345,1,0,0
3,d,4,0,0,0
4,d,56,1,1,0
3,f,265,1,1,0
3,a,411,1,0,0
2,c,1818,0,0,0
4,f,518,0,0,0
1,e,1734,0,0,0
3,a,160,0,0,0
3,f,355,1,1,0
2,c,1271,0,0,0
1,e,479,1,0,0
4,d,214,0,0,0
2,e,1886,0,0,0
1,e,1061,0,0,0
1,c,384,1,1,0
3,g,90,1,0,0
4,g,1779,0,0,0
2,e,278,1,0,0
3,a,1259,0,0,0
2,e,105,1,0,0
1,c,174,1,0,0
2,c,448,0,0,0
1,e,1474,0,0,0
1,b,404,0,0,0
3,g,444,1,0,0
2,b,127,1,1,0
2,b,1523,0,0,0
3,a,1186,0,0,0
3,a,32,1,0,0
4,d,592,0,0,0
1,c,204,1,0,0
4,g,453,1,0,0
4,f,143,1,0,0
3,a,42,0,0,0
2,b,121,1,1,0
3,g,275,0,0,0
4,d,137,1,0,0
4,d,289,1,1,0
2,c,46,1,0,0
1,e,365,1,0,0
1,e,141,0,0,0
2,c,77,0,0,0
3,f,306,1,1,0
3,a,1886,0,0,0
2,e,1936,0,0,0
3,g,1477,0,0,0
3,g,1382,0,0,0
4,g,194,1,1,0
1,c,455,1,0,0
3,f,67,1,0,0
3,d,181,1,1,0
1,b,105,1,0,0
4,d,219,1,1,0
2,e,675,0,0,0
1,b,76,1,1,0
3,d,78,0,0,0
4,g,164,1,1,0
3,d,728,0,0,0
3,f,290,1,0,0
3,g,285,1,1,0
3,g,1245,0,0,0
2,b,33,1,0,0
3,g,732,0,0,0
4,d,197,1,1,0
4,a,590,0,0,0
4,f,129,0,0,0
3,g,694,0,0,0
4,g,1741,0,0,0
1,e,1997,0,0,0
1,b,521,0,0,0
4,a,379,1,1,0
1,e,200,1,0,0
1,c,198,1,0,0
4,f,1062,0,0,0
4,a,1688,0,0,0
3,f,91,1,0,0
1,e,31,1,0,0
2,c,522,0,0,0
2,b,414,1,0,0
3,a,151,1,1,0
1,c,1974,0,0,0
4,g,1994,0,0,0
2,e,207,0,0,0
1,c,1187,0,0,0
4,f,383,1,0,0
2,e,165,0,0,0
3,d,104,1,0,0
3,a,804,0,0,0
1,b,202,1,0,0
4,g,126,1,1,0
4,a,490,1,0,0
3,a,1701,0,0,0
1,c,95,1,0,0
1,c,712,0,0,0
1,b,64,0,0,0
1,b,18,1,0,0
4,d,816,0,0,0
2,e,1043,0,0,0
4,a,195,0,0,0
2,b,1772,0,0,0
1,b,1069,0,0,0
1,c,265,1,0,0
3,d,449,1,1,0
2,b,1842,0,0,0
2,b,854,0,0,0
1,c,190,0,0,0
4,a,1022,0,0,0
2,b,491,1,0,0
3,f,630,0,0,0
2,e,1429,0,0,0
2,b,1684,0,0,0
3,g,329,0,0,0
4,g,244,1,0,0
4,f,423,1,1,0
4,a,199,1,1,0
1,e,1841,0,0,0
4,d,954,0,0,0
3,d,1262,0,0,0
4,g,1422,0,0,0
3,f,256,1,1,0
4,a,349,1,0,0
3,f,1239,0,0,0
1,b,438,1,0,0
2,b,496,1,0,0
4,d,217,0,0,0
3,f,776,0,0,0
3,g,35,0,0,0
3,g,348,1,1,0
4,a,659,0,0,0
4,d,1239,0,0,0
1,b,141,1,1,0
4,a,16,1,0,0
4,g,135,1,1,0
3,d,265,0,0,0
2,c,200,1,0,0
2,b,682,0,0,0
1,b,220,1,0,0
4,f,1367,0,0,0
1,e,240,1,0,0
4,a,148,0,0,0
4,a,52,1,1,0
3,g,1355,0,0,0
1,e,342,1,1,0
4,a,53,1,0,0
4,f,712,0,0,0
4,a,1023,0,0,0
4,a,244,1,0,0
4,a,43,1,0,0
2,e,390,1,0,0
1,e,1448,0,0,0
2,b,283,1,1,0
4,a,1329,0,0,0
4,d,487,1,1,0
2,e,238,1,0,0
2,c,60,1,0,0
4,f,633,0,0,0
4,a,456,0,0,0
2,e,58,1,0,0
4,a,327,1,0,0
3,g,434,1,0,0
3,g,162,1,0,0
4,f,31,1,1,0
4,g,336,1,0,0
1,b,1642,0,0,0
2,b,111,0,0,0
2,b,1536,0,0,0
1,e,7,1,0,0
4,d,94,1,0,0
4,a,202,1,0,0
1,e,1070,0,0,0
2,e,648,0,0,0
3,g,1668,0,0,0
4,d,27,0,0,0
3,f,30,1,0,0
1,b,56,1,1,0
1,b,59,1,0,0
3,g,48,1,0,0
3,a,658,0,0,0
3,g,1034,1,1,0
2,c,218,1,0,0
4,a,423,1,1,0
2,c,1597,0,0,0
4,d,986,0,0,0
4,f,11,1,0,0
4,g,922,0,0,0
3,a,364,0,0,0
3,d,1940,0,0,0
4,f,740,0,0,0
2,b,23,1,0,0
4,d,440,1,1,0
3,d,370,1,1,0
2,c,572,0,0,0
3,d,447,1,1,0
1,c,87,1,0,0
2,e,75,0,0,0
3,f,638,0,0,0
1,e,341,1,0,0
3,a,126,1,0,0
3,d,440,1,1,0
2,e,978,0,0,0
3,d,1573,0,0,0
2,c,28,1,0,0
1,e,51,1,1,0
3,d,214,1,0,0
3,g,1883,0,0,0
4,f,1708,0,0,0
4,d,1299,0,0,0
3,g,65,1,0,0
1,b,1511,0,0,0
3,g,1466,0,0,0
3,d,308,1,0,0
1,e,1510,0,0,0
2,b,1813,0,0,0
2,e,318,1,0,0
1,b,1024,0,0,0
3,g,56,1,0,0
3,d,52,1,1,0
4,f,884,0,0,0
4,d,298,1,0,0
1,c,44,1,1,0
4,a,167,1,0,0
4,a,333,1,0,0
4,d,189,1,0,0
3,d,1055,0,0,0
1,b,35,1,1,0
2,e,1697,0,0,0
3,d,194,0,0,0
1,e,388,1,1,0
1,b,174,1,0,0
4,f,1502,0,0,0
1,c,1294,0,0,0
1,c,1667,0,0,0
3,a,1751,0,0,0
3,g,67,1,0,0
1,c,1518,0,0,0
2,b,905,0,0,0
2,e,1523,0,0,0
3,d,647,0,0,0
4,a,262,1,0,0
1,e,44,1,0,0
4,d,537,0,0,0
2,e,275,1,1,0
4,f,28,1,0,0
4,a,439,1,1,0
3,f,384,1,0,0
3,d,261,1,0,0
3,d,852,0,0,0
3,g,138,1,0,0
4,g,30,1,0,0
4,g,122,0,0,0
1,e,426,1,0,0
4,f,151,0,0,0
4,f,39,1,0,0
4,f,227,0,0,0
3,a,1675,0,0,0
2,e,1466,0,0,0
1,b,41,1,0,0
4,d,321,1,0,0
2,e,453,1,0,0
3,g,177,0,0,0
2,e,1988,0,0,0
2,c,1484,0,0,0
3,f,1053,0,0,0
1,b,1403,0,0,0
3,f,450,1,0,0
4,f,60,0,0,0
3,g,300,1,0,0
4,d,845,0,0,0
4,a,373,1,0,0
1,c,1028,0,0,0
4,g,461,1,0,0
2,e,1683,0,0,0
3,a,166,1,1,0
2,e,682,0,0,0
1,b,148,1,0,0
4,d,448,1,1,0
4,g,261,1,0,0
4,d,1288,0,0,0
2,c,175,1,1,0
3,a,442,1,1,0
1,b,163,1,1,0
2,e,354,1,0,0
3,f,164,1,1,0
3,f,740,0,0,0
2,b,1177,0,0,0
2,c,138,0,0,0
2,b,261,1,0,0
2,e,423,1,0,0
1,b,253,0,0,0
3,d,7,1,0,0
1,e,1965,0,0,0
3,g,270,1,0,0
1,c,422,0,0,0
4,g,326,1,0,0
4,g,155,1,1,0
3,g,241,0,0,0
4,d,305,1,0,0
1,c,160,1,1,0
1,c,1927,0,0,0
1,e,174,1,1,0
3,a,790,0,0,0
3,d,299,0,0,0
3,g,1214,0,0,0
1,e,1371,0,0,0
3,g,389,1,0,0
1,b,1065,0,0,0
3,f,248,1,0,0
3,f,283,1,0,0
1,c,160,1,1,0
3,d,661,0,0,0
1,b,1605,0,0,0
1,e,81,1,0,0
3,d,81,1,0,0
4,a,250,1,1,0
3,g,545,0,0,0
4,d,1790,1,1,74
4,f,497,1,0,0
4,a,400,1,1,0
2,b,68,1,1,0
3,f,1998,0,0,0
1,b,588,0,0,0
4,d,223,0,0,0
3,g,375,0,0,0
4,g,457,1,0,0
1,c,379,1,0,0
3,d,433,1,1,0
3,g,138,0,0,0
1,e,1080,0,0,0
4,a,266,1,0,0
1,b,60,1,1,0
3,f,820,0,0,0
4,g,1624,0,0,0
3,d,1795,0,0,0
4,g,387,1,0,0
3,g,754,0,0,0
3,d,108,1,1,0
4,d,31,0,0,0
3,d,1,1,1,0
2,c,955,0,0,0
3,g,481,1,0,0
1,e,1942,0,0,0
4,d,533,0,0,0
3,d,62,1,0,0
3,d,366,1,0,0
4,g,201,1,0,0
4,d,963,0,0,0
4,d,26,1,0,0
2,c,7,0,0,0
3,f,940,0,0,0
2,e,377,1,0,0
3,f,1898,0,0,0
3,a,156,1,1,0
2,b,1996,0,0,0
3,f,167,1,0,0
3,d,971,0,0,0
3,g,17,1,1,0
3,d,297,1,0,0
4,d,292,1,0,0
2,b,1725,0,0,0
3,d,405,1,0,0
3,g,504,0,0,0
4,d,1408,0,0,0
2,c,253,1,0,0
3,a,278,1,0,0
4,a,1804,0,0,0
1,c,284,0,0,0
1,e,496,0,0,0
4,f,202,1,0,0
1,c,177,1,0,0
3,d,214,0,0,0
3,a,682,0,0,0
4,f,1253,0,0,0
1,c,115,0,0,0
1,b,44,1,1,0
1,e,739,0,0,0
2,e,406,1,0,0
4,g,1709,0,0,0
3,f,987,0,0,0
4,a,324,1,1,0
3,f,500,0,0,0
4,d,1808,0,0,0
3,f,106,0,0,0
3,a,762,0,0,0
3,g,377,1,1,0
3,d,920,0,0,0
3,a,59,1,0,0
1,e,407,1,0,0
4,g,430,1,0,0
1,c,1225,0,0,0
4,d,1684,0,0,0
2,e,379,1,0,0
4,f,426,1,1,0
2,c,210,1,0,0
2,c,465,1,0,0
4,a,200,1,1,0
1,e,1667,0,0,0
4,d,159,1,1,0
1,b,378,1,1,0
2,e,167,0,0,0
3,f,112,1,0,0
4,d,1659,1,1,0
4,g,1474,0,0,0
1,e,1714,0,0,0
3,g,836,0,0,0
4,g,34,1,0,0
3,f,988,0,0,0
1,e,32,1,1,0
3,f,471,1,0,0
3,g,510,0,0,0
4,g,345,1,1,0
3,d,55,1,0,0
3,g,434,0,0,0
1,e,1277,0,0,0
1,e,1400,0,0,0
3,g,1398,0,0,0
1,e,348,1,0,0
4,f,499,0,0,0
1,b,10,0,0,0
3,d,119,1,0,0
4,a,1609,0,0,0
3,d,202,1,1,0
1,c,176,1,0,0
2,b,482,1,0,0
4,f,1262,0,0,0
3,a,967,0,0,0
2,e,384,1,1,0
1,b,1181,0,0,0
3,g,1792,0,0,0
4,a,18,0,0,0
1,c,401,0,0,0
1,c,574,0,0,0
3,a,1083,0,0,0
4,d,51,1,0,0
2,b,1746,0,0,0
4,f,120,0,0,0
3,f,129,1,1,0
4,a,845,0,0,0
1,c,449,0,0,0
2,c,178,1,0,0
1,e,1236,0,0,0
2,b,539,0,0,0
3,f,355,0,0,0
4,d,1896,0,0,0
2,e,544,0,0,0
2,b,516,0,0,0
4,f,1827,0,0,0
2,e,761,0,0,0
1,e,48,1,1,0
4,f,164,0,0,0
4,d,275,1,0,0
2,e,320,1,0,0
1,e,458,1,0,0
1,b,1823,0,0,0
3,a,1765,0,0,0
2,e,151,1,0,0
1,c,591,0,0,0
3,f,1605,0,0,0
2,c,1752,0,0,0
2,b,272,1,0,0
4,f,1238,0,0,0
3,a,1951,0,0,0
2,c,1299,0,0,0
4,g,1490,0,0,0
4,f,792,0,0,0
3,f,583,0,0,0
3,a,1482,0,0,0
4,g,142,1,1,0
2,c,414,1,1,0
3,d,367,1,0,0
3,a,1836,0,0,0
3,a,1876,0,0,0
3,a,225,0,0,0
3,d,437,1,0,0
3,f,3,1,0,0
3,f,223,1,0,0
2,c,58,1,0,0
3,g,523,0,0,0
1,c,701,0,0,0
4,f,1807,0,0,0
4,d,1503,0,0,0
4,a,108,1,0,0
3,a,599,0,0,0
4,g,1026,0,0,0
1,b,1841,0,0,0
1,e,439,1,1,0
3,d,36,1,1,0
4,f,55,1,1,0
2,c,455,1,1,0
1,c,430,1,0,0
4,a,1037,0,0,0
3,a,1402,0,0,0
1,b,771,0,0,0
3,g,138,1,0,0
2,c,168,1,0,0
3,g,1551,0,0,0
2,b,196,0,0,0
4,d,372,0,0,0
2,e,233,1,0,0
2,c,578,0,0,0
4,f,352,1,1,0
4,g,712,0,0,0
2,e,1451,0,0,0
1,b,1005,0,0,0
2,c,1167,0,0,0
4,g,402,1,1,0
4,g,1089,0,0,0
2,e,1383,0,0,0
1,c,412,1,0,0
3,g,281,1,0,0
1,e,1441,0,0,0
1,c,1072,0,0,0
2,c,595,0,0,0
4,g,43,0,0,0
3,d,1282,0,0,0
3,a,236,1,0,0
4,g,1305,0,0,0
2,e,1688,0,0,0
4,f,1711,0,0,0
1,e,232,1,1,0
4,f,445,1,0,0
3,g,19,1,1,0
3,g,556,0,0,0
2,b,847,0,0,0
1,e,444,1,0,0
4,a,300,0,0,0
2,b,494,0,0,0
4,g,260,0,0,0
1,b,323,1,0,0
1,b,159,1,1,0
3,d,344,0,0,0
3,a,1343,0,0,0
1,c,1695,0,0,0
3,g,1748,0,0,0
2,e,50,0,0,0
3,f,1654,0,0,0
1,c,1754,0,0,0
2,b,1193,0,0,0
3,a,97,1,1,0
2,b,349,1,0,0
3,d,1068,0,0,0
1,b,1744,0,0,0
3,g,1972,0,0,0
2,c,1529,0,0,0
1,b,1526,0,0,0
4,g,8,1,1,0
2,b,137,0,0,0
4,f,372,1,1,0
4,g,211,1,1,0
4,f,401,1,0,0
4,f,164,1,0,0
4,a,157,1,1,0
1,c,199,1,1,0
4,g,1654,0,0,0
1,b,176,1,0,0
1,e,376,1,0,0
1,b,193,0,0,0
1,e,110,1,1,0
4,f,216,1,0,0
3,f,19,1,0,0
3,a,2,1,0,0
4,f,1727,0,0,0
2,c,1231,0,0,0
3,f,190,0,0,0
4,f,278,1,0,0
3,d,1398,0,0,0
4,a,437,1,0,0
3,a,1836,0,0,0
4,g,117,1,0,0
3,f,946,0,0,0
1,b,400,0,0,0
1,b,47,0,0,0
4,g,554,0,0,0
4,g,1769,0,0,0
3,f,63,1,1,0
3,a,243,0,0,0
4,a,531,0,0,0
2,c,455,1,1,0
4,g,616,0,0,0
4,g,138,1,0,0
2,e,33,1,0,0
3,f,331,1,0,0
1,b,289,1,1,0
4,f,1233,0,0,0
1,c,486,1,1,0
4,f,1437,0,0,0
4,d,404,1,0,0
4,g,1531,0,0,0
2,e,1731,0,0,0
4,d,665,0,0,0
4,d,148,1,0,0
3,g,286,1,0,0
4,a,1212,0,0,0
2,e,88,1,0,0
4,a,304,1,1,0
1,b,174,0,0,0
2,c,49,1,0,0
3,g,713,0,0,0
3,d,465,0,0,0
1,e,285,0,0,0
1,e,294,1,0,0
3,d,615,0,0,0
2,c,1401,0,0,0
2,b,1507,0,0,0
3,a,364,0,0,0
2,e,177,1,1,0
3,a,1895,0,0,0
4,d,1720,0,0,0
4,d,138,1,1,0
4,g,748,0,0,0
3,d,20,1,0,0
4,g,783,0,0,0
1,b,138,1,0,0
3,a,1662,0,0,0
2,b,927,0,0,0
4,f,177,1,1,0
2,e,403,1,0,0
2,e,1003,0,0,0
2,b,398,1,1,0
2,e,92,1,0,0
2,b,294,1,0,0
3,a,473,1,1,0
4,d,1811,0,0,0
1,c,1097,0,0,0
3,a,236,0,0,0
1,c,147,1,0,0
2,c,49,0,0,0
3,g,1463,0,0,0
3,d,825,0,0,0
3,f,9,1,0,0
1,e,818,0,0,0
4,a,275,1,0,0
3,d,357,0,0,0
1,e,1363,0,0,0
2,b,479,1,1,0
1,e,119,0,0,0
2,e,157,1,0,0
3,g,88,0,0,0
1,b,1450,0,0,0
1,b,151,1,0,0
3,f,1202,0,0,0
2,c,225,1,0,0
3,d,151,1,0,0
3,f,309,1,0,0
4,a,54,1,1,0
3,a,291,1,0,0
1,b,448,1,0,0
3,a,713,0,0,0
3,g,78,1,0,0
4,f,281,1,0,0
4,g,1480,0,0,0
4,d,174,1,1,0
4,g,1600,0,0,0
3,f,158,1,0,0
4,f,814,0,0,0
1,e,102,1,1,0
3,g,39,1,0,0
3,g,15,1,0,0
1,b,1974,0,0,0
1,c,1316,0,0,0
3,f,948,0,0,0
4,g,349,1,0,0
1,b,405,0,0,0
4,g,244,1,0,0
1,b,854,0,0,0
4,a,642,0,0,0
1,e,14,1,0,0
1,e,91,1,0,0
3,d,308,1,0,0
1,b,178,0,0,0
4,d,579,0,0,0
4,d,308,1,1,0
2,b,165,0,0,0
3,a,1291,0,0,0
4,g,421,1,1,0
1,e,1592,0,0,0
1,e,226,0,0,0
2,c,113,1,1,0
2,c,34,1,1,0
1,e,1349,0,0,0
3,a,131,1,1,0
2,c,1053,0,0,0
4,g,544,0,0,0
4,d,1305,0,0,0
4,d,1196,0,0,0
2,e,494,1,0,0
1,c,1,1,0,0
4,g,1904,0,0,0
1,b,242,1,0,0
3,f,84,1,1,0
4,f,283,1,1,0
4,f,190,1,1,0
1,c,1788,0,0,0
2,e,785,0,0,0
2,c,785,0,0,0
4,d,155,1,1,0
2,b,327,1,0,0
4,d,318,1,0,0
1,b,1538,0,0,0
4,a,180,1,1,0
1,e,246,0,0,0
3,d,466,1,0,0
1,c,1190,0,0,0
1,e,355,1,0,0
2,e,211,0,0,0
3,f,905,0,0,0
1,b,1452,0,0,0
2,b,21,1,0,0
2,b,810,0,0,0
3,f,77,1,0,0
3,a,368,1,0,0
2,c,204,1,1,0
3,d,460,1,0,0
3,d,336,1,0,0
1,b,1184,0,0,0
3,g,1466,0,0,0
2,c,1309,0,0,0
4,f,337,1,0,0
4,d,462,0,0,0
1,b,157,1,1,0
4,g,1660,0,0,0
3,a,257,1,0,0
2,c,53,1,0,0
1,b,348,0,0,0
4,a,416,1,0,0
4,f,1509,0,0,0
2,b,203,0,0,0
3,d,83,1,0,0
3,d,209,1,1,0
4,f,1932,0,0,0
4,g,1681,0,0,0
3,g,410,1,0,0
3,g,111,0,0,0
4,f,84,1,0,0
4,g,404,1,0,0
2,c,1864,0,0,0
3,d,288,1,0,0
2,b,1556,0,0,0
4,a,1038,0,0,0
2,e,82,0,0,0
3,d,242,1,1,0
3,f,107,1,0,0
1,b,1494,0,0,0
3,f,183,1,0,0
3,g,1374,0,0,0
1,e,944,0,0,0
1,e,442,1,1,0
4,a,31,1,0,0
4,f,1095,0,0,0
1,c,1802,0,0,0
4,d,24,0,0,0
4,g,1844,0,0,0
1,e,1457,0,0,0
1,e,423,1,1,0
1,e,204,1,0,0
4,d,404,1,1,0
1,b,1161,0,0,0
3,f,411,0,0,0
3,g,1822,0,0,0
1,e,1087,0,0,0
1,c,948,0,0,0
4,f,548,0,0,0
2,b,405,1,0,0
2,e,253,0,0,0
3,a,1283,0,0,0
3,g,413,1,0,0
4,a,139,1,0,0
3,d,853,0,0,0
3,g,331,1,0,0
4,a,317,1,0,0
4,a,1153,0,0,0
1,e,472,1,1,0
3,d,196,1,0,0
3,d,1572,0,0,0
2,b,197,1,0,0
1,b,140,1,1,0
4,f,343,1,0,0
3,f,376,0,0,0
4,f,971,0,0,0
4,d,237,1,0,0
4,a,95,1,0,0
2,e,146,0,0,0
3,g,311,0,0,0
2,b,292,1,1,0
2,e,1317,0,0,0
1,e,401,1,0,0
3,a,230,1,0,0
2,e,981,0,0,0
3,d,735,0,0,0
2,c,1320,0,0,0
3,a,46,0,0,0
4,f,121,1,0,0
1,e,1479,0,0,0
1,e,323,1,0,0
2,b,1862,0,0,0
1,c,245,1,0,0
3,a,1846,0,0,0
4,a,198,1,0,0
4,a,335,1,0,0
1,b,1404,0,0,0
3,a,364,1,0,0
1,c,1154,0,0,0
3,g,74,1,0,0
1,e,1514,0,0,0
1,b,395,1,1,0
3,g,1987,0,0,0
2,b,1238,0,0,0
3,d,1636,0,0,0
3,d,309,1,0,0
1,b,1306,0,0,0
4,a,1673,0,0,0
4,g,409,1,1,0
1,c,358,0,0,0
3,f,464,1,0,0
1,c,880,0,0,0
3,d,995,0,0,0
4,g,444,1,1,0
2,e,1496,0,0,0
4,f,179,1,0,0
2,c,1351,0,0,0
4,a,22,1,0,0
4,a,1260,0,0,0
2,b,59,1,0,0
3,a,307,1,0,0
2,e,1077,0,0,0
3,g,454,1,1,0
3,a,192,0,0,0
4,f,270,0,0,0
4,a,1375,0,0,0
2,e,1837,0,0,0
4,g,83,1,0,0
2,c,1374,0,0,0
4,g,248,1,0,0
2,c,158,1,0,0
1,c,696,0,0,0
2,e,13,0,0,0
4,g,1352,0,0,0
2,b,202,1,0,0
4,a,268,1,0,0
2,c,155,1,1,0
3,f,747,0,0,0
3,g,1510,0,0,0
4,a,98,1,0,0
3,f,312,0,0,0
2,e,464,0,0,0
1,b,162,1,0,0
3,a,354,1,0,0
4,d,1203,0,0,0
1,c,141,1,1,0
2,b,1359,0,0,0
4,d,685,0,0,0
4,g,323,1,0,0
3,d,1281,0,0,0
2,c,246,1,1,0
4,f,67,0,0,0
4,d,261,1,1,0
2,c,1506,0,0,0
3,d,1544,0,0,0
2,c,240,1,1,0
3,g,100,1,1,0
1,e,349,1,0,0
3,g,809,0,0,0
2,c,1419,0,0,0
3,d,357,1,1,0
3,a,283,0,0,0
3,f,1255,0,0,0
1,c,278,1,1,0
4,a,870,0,0,0
4,a,1428,0,0,0
3,d,1563,0,0,0
3,d,1684,0,0,0
4,a,1015,0,0,0
1,b,439,0,0,0
4,f,677,0,0,0
3,g,448,1,0,0
2,e,132,1,0,0
4,f,898,0,0,0
3,f,1888,0,0,0
1,c,173,1,1,0
3,g,545,0,0,0
3,d,1775,0,0,0
1,b,11,1,0,0
1,c,630,0,0,0
1,e,24,1,0,0
1,c,459,1,1,0
1,e,104,0,0,0
3,d,387,1,0,0
1,b,474,0,0,0
4,g,264,1,1,0
3,d,106,0,0,0
3,a,1014,0,0,0
4,a,1257,0,0,0
4,g,177,1,0,0
3,g,1908,0,0,0
1,c,122,1,0,0
3,d,221,1,0,0
3,f,435,1,1,0
2,b,154,1,1,0
4,d,403,1,0,0
4,f,7,1,0,0
3,g,471,1,0,0
3,a,582,0,0,0
1,c,1460,0,0,0
2,e,450,1,1,0
3,a,389,0,0,0
4,g,793,0,0,0
4,d,1239,0,0,0
4,d,1096,0,0,0
4,g,1075,0,0,0
1,b,362,1,0,0
1,b,84,1,0,0
2,b,289,1,0,0
2,c,186,1,0,0
3,a,564,0,0,0
4,a,328,1,1,0
1,c,49,1,1,0
2,b,1271,0,0,0
1,b,1879,0,0,0
4,g,88,1,1,0
3,g,1311,0,0,0
2,b,182,1,0,0
2,c,725,0,0,0
3,a,164,0,0,0
3,g,380,0,0,0
1,c,537,0,0,0
3,a,121,1,1,0
2,b,98,1,1,0
4,f,240,1,0,0
3,f,233,1,0,0
2,e,80,1,1,0
3,f,453,1,0,0
3,a,916,0,0,0
3,a,343,1,1,0
4,d,93,1,0,0
4,f,47,1,0,0
3,d,373,1,1,0
4,a,1091,0,0,0
4,a,359,1,0,0
1,b,223,0,0,0
2,b,11,1,1,0
2,b,152,1,0,0
1,e,1285,0,0,0
3,a,323,0,0,0
3,f,87,1,1,0
1,c,1997,0,0,0
4,f,1110,0,0,0
3,g,39,1,0,0
1,b,713,0,0,0
3,d,1961,0,0,0
2,b,40,0,0,0
4,f,884,0,0,0
2,c,300,1,0,0
2,b,496,0,0,0
1,e,340,0,0,0
2,c,337,1,1,0
4,a,437,1,1,0
3,d,428,1,0,0
1,e,710,0,0,0
2,c,1115,0,0,0
3,d,99,1,0,0
3,g,609,0,0,0
2,b,429,1,0,0
1,b,27,1,1,0
1,e,1649,0,0,0
4,a,438,1,1,0
3,f,1578,0,0,0
3,a,85,0,0,0
1,b,1899,0,0,0
4,d,82,1,0,0
1,e,1283,0,0,0
1,c,834,0,0,0
1,c,253,1,1,0
4,d,1797,0,0,0
4,f,462,0,0,0
1,c,448,1,1,0
3,f,1934,0,0,0
2,c,356,0,0,0
1,e,481,1,1,0
4,d,460,1,0,0
3,f,930,0,0,0
3,a,1778,0,0,0
4,f,352,1,0,0
2,e,64,1,0,0
3,g,371,1,0,0
2,e,350,0,0,0
4,a,1471,0,0,0
2,e,62,1,0,0
1,c,186,1,1,0
1,c,727,0,0,0
3,f,810,0,0,0
2,c,1825,0,0,0
3,g,216,1,0,0
3,d,418,0,0,0
3,f,1822,0,0,0
4,a,126,1,0,0
2,c,94,1,0,0
3,d,127,1,1,0
1,e,437,1,0,0
1,b,250,0,0,0
4,g,43,1,0,0
2,c,1744,0,0,0
3,a,399,0,0,0
3,a,324,1,0,0
3,a,7,1,0,0
3,g,141,1,0,0
1,b,239,0,0,0
1,b,122,1,0,0
4,g,466,1,0,0
1,b,1010,0,0,0
4,f,396,1,0,0
2,e,492,1,0,0
2,b,404,1,0,0
4,f,668,0,0,0
1,b,471,1,1,0
3,d,1292,0,0,0
3,d,1837,0,0,0
2,e,460,1,0,0
2,e,120,1,1,0
2,b,1508,0,0,0
1,c,378,1,1,0
4,f,202,1,1,0
3,a,429,1,1,0
4,a,102,1,1,0
4,g,508,0,0,0
1,c,1570,0,0,0
2,c,353,1,1,0
3,g,112,1,0,0
2,e,929,0,0,0
2,c,694,0,0,0
1,e,1838,0,0,0
2,c,130,1,0,0
2,b,1313,0,0,0
4,d,781,0,0,0
3,d,461,1,1,0
3,g,512,0,0,0
2,b,801,0,0,0
4,a,54,1,1,0
3,f,212,1,0,0
2,c,1973,0,0,0
2,b,297,1,0,0
4,g,133,1,0,0
4,d,1471,0,0,0
2,e,1379,0,0,0
1,c,157,1,1,0
4,g,175,1,0,0
4,g,282,1,0,0
3,a,365,1,1,0
4,g,776,0,0,0
4,d,353,1,0,0
1,b,129,1,1,0
3,d,66,1,0,0
2,e,821,0,0,0
3,g,416,1,0,0
1,c,416,1,0,0
1,e,259,0,0,0
3,f,1053,0,0,0
1,b,750,0,0,0
3,d,149,1,0,0
4,d,390,1,0,0
3,a,61,1,0,0
1,b,622,0,0,0
1,b,197,1,0,0
4,f,50,1,0,0
1,c,489,1,0,0
4,g,314,1,1,0
3,d,352,1,0,0
1,b,56,1,1,0
3,d,1734,0,0,0
1,b,298,0,0,0
2,c,473,0,0,0
1,c,40,1,0,0
1,c,308,1,0,0
3,a,80,1,1,0
4,d,318,0,0,0
4,g,1432,0,0,0
2,b,637,0,0,0
4,g,50,1,0,0
2,b,285,1,0,0
1,c,3,1,1,0
2,c,997,0,0,0
4,d,411,1,1,0
3,d,751,0,0,0
2,e,274,1,0,0
1,b,1502,0,0,0
3,g,54,0,0,0
1,b,1438,0,0,0
4,a,1956,0,0,0
4,g,168,0,0,0
4,a,1780,0,0,0
3,d,412,1,1,0
3,a,1244,0,0,0
1,b,209,1,0,0
3,g,220,1,1,0
3,f,712,1,1,66
3,d,1184,0,0,0
2,e,473,1,0,0
2,e,1555,0,0,0
4,a,349,1,0,0
2,b,1166,0,0,0
4,d,614,0,0,0
2,b,230,1,1,0
3,d,925,0,0,0
2,c,396,1,0,0
1,e,1838,0,0,0
3,d,401,1,0,0
2,e,132,0,0,0
4,f,1235,0,0,0
3,g,12,1,0,0
4,d,36,1,0,0
1,e,572,0,0,0
2,b,679,0,0,0
4,d,773,0,0,0
4,g,114,1,0,0
1,b,473,1,0,0
2,e,210,1,0,0
1,c,39,1,0,0
3,a,245,0,0,0
4,f,390,0,0,0
4,f,280,1,0,0
4,d,450,1,1,0
4,g,44,1,0,0
3,d,44,1,1,0
4,f,202,1,0,0
2,b,277,1,0,0
1,c,526,0,0,0
4,g,420,1,0,0
1,b,349,0,0,0
3,g,102,0,0,0
4,f,286,1,0,0
3,f,373,1,1,0
4,g,131,1,1,0
3,g,5,1,0,0
2,e,457,1,1,0
4,d,739,0,0,0
4,f,347,1,0,0
2,c,136,0,0,0
2,e,447,1,0,0
3,d,446,1,0,0
3,g,1438,0,0,0
3,d,611,0,0,0
1,b,333,1,1,0
1,c,511,0,0,0
2,e,70,1,0,0
2,e,1871,0,0,0
1,e,473,1,0,0
3,f,698,0,0,0
2,b,404,1,1,0
4,f,384,1,0,0
2,e,234,0,0,0
4,d,40,1,1,0
2,c,468,1,0,0
3,a,9,1,1,0
3,d,15,1,0,0
2,c,50,1,1,0
3,a,1737,0,0,0
2,b,124,1,0,0
1,e,1922,0,0,0
2,b,1299,0,0,0
2,e,18,1,0,0
3,a,422,1,1,0
1,b,210,1,1,0
4,f,1966,0,0,0
3,a,440,1,1,0
2,c,228,1,0,0
3,f,1268,0,0,0
1,b,58,1,1,0
3,a,879,0,0,0
2,e,1588,0,0,0
4,f,1686,0,0,0
2,e,22,1,1,0
2,b,178,1,0,0
4,a,424,0,0,0
3,d,413,1,0,0
1,c,140,1,0,0
2,c,658,0,0,0
1,e,98,1,0,0
3,d,123,1,1,0
2,b,1834,0,0,0
2,e,115,1,0,0
2,b,337,1,1,0
3,f,349,1,1,0
2,e,1328,0,0,0
3,f,1752,0,0,0
3,f,180,1,1,0
2,c,68,1,0,0
3,f,605,0,0,0
3,f,486,1,0,0
3,f,1024,0,0,0
1,c,259,1,0,0
3,g,338,1,0,0
1,b,405,1,0,0
2,e,109,1,0,0
3,g,1803,0,0,0
2,e,269,0,0,0
4,a,1502,0,0,0
4,d,1664,0,0,0
2,c,297,1,0,0
3,d,496,0,0,0
1,e,1871,0,0,0
3,d,1448,0,0,0
4,a,299,1,0,0
3,f,290,1,0,0
1,c,158,0,0,0
3,g,1477,0,0,0
3,a,146,1,1,0
4,f,1812,0,0,0
1,c,35,1,0,0
2,e,1898,0,0,0
2,e,234,1,0,0
3,d,33,1,0,0
1,e,168,1,1,0
1,c,1993,0,0,0
3,a,177,1,0,0
4,d,312,1,1,0
2,e,376,1,0,0
1,b,995,0,0,0
3,d,1087,0,0,0
3,g,1523,0,0,0
4,a,319,1,0,0
3,a,98,0,0,0
1,c,390,1,1,0
4,g,185,1,1,0
4,a,433,1,0,0
4,g,53,1,1,0
3,a,59,1,0,0
1,c,480,1,0,0
1,c,17,1,0,0
4,f,1136,0,0,0
3,a,1584,0,0,0
4,g,843,0,0,0
3,d,15,0,0,0
3,a,1891,0,0,0
1,e,176,0,0,0
4,f,1213,0,0,0
3,d,22,0,0,0
3,d,56,0,0,0
3,g,496,1,0,0
3,g,474,1,1,0
1,b,1804,0,0,0
4,d,127,1,1,0
3,g,343,0,0,0
3,a,1311,0,0,0
2,b,1006,0,0,0
2,b,83,1,1,0
1,c,1562,0,0,0
3,g,1648,0,0,0
3,g,345,1,0,0
3,g,1717,0,0,0
3,d,973,0,0,0
2,b,486,1,1,0
2,e,439,1,0,0
4,g,354,1,1,0
2,c,820,0,0,0
2,e,1662,0,0,0
2,c,1904,0,0,0
2,e,4,1,0,0
2,c,1995,0,0,0
1,b,22,1,0,0
3,a,992,0,0,0
1,c,510,1,1,0
1,c,450,1,0,0
2,b,622,0,0,0
3,a,289,1,1,0
4,d,1639,0,0,0
1,e,405,1,1,0
3,d,89,1,0,0
4,g,88,1,0,0
4,g,1141,0,0,0
1,b,1865,0,0,0
1,e,120,0,0,0
1,b,270,1,1,0
2,e,470,1,0,0
1,b,292,1,0,0
2,c,796,0,0,0
2,b,148,0,0,0
4,a,275,1,0,0
3,d,1126,0,0,0
4,a,232,1,1,0
3,g,127,1,0,0
3,g,248,0,0,0
2,b,155,1,0,0
2,b,1994,0,0,0
3,f,100,1,0,0
4,f,472,1,0,0
3,d,175,1,1,0
4,f,358,1,0,0
1,c,314,1,1,0
4,a,467,0,0,0
3,d,1340,1,1,75
4,d,668,0,0,0
3,g,630,0,0,0
1,b,411,1,0,0
4,f,1709,0,0,0
1,c,286,0,0,0
4,a,1028,0,0,0
2,e,35,1,1,0
3,d,231,0,0,0
1,e,302,1,1,0
2,b,1992,0,0,0
4,a,1263,1,1,63
3,d,1186,0,0,0
3,g,442,1,1,0
3,d,1724,0,0,0
2,e,1294,0,0,0
2,b,122,1,0,0
4,d,752,0,0,0
4,f,282,0,0,0
3,f,338,0,0,0
4,g,477,1,0,0
1,e,319,1,0,0
1,c,130,1,1,0
1,c,365,1,0,0
4,g,364,1,0,0
4,a,163,1,0,0
3,g,261,1,0,0
2,c,196,1,0,0
2,b,1588,0,0,0
1,c,172,0,0,0
3,g,1939,0,0,0
3,g,485,1,1,0
2,b,459,1,1,0
3,g,305,1,0,0
3,a,479,1,0,0
4,g,276,1,0,0
4,a,69,1,0,0
3,a,824,0,0,0
1,e,311,1,1,0
3,a,752,0,0,0
4,g,469,1,0,0
4,g,673,0,0,0
4,a,858,0,0,0
3,a,227,1,1,0
4,d,262,0,0,0
3,g,70,1,1,0
4,f,1750,0,0,0
1,c,242,1,1,0
3,f,455,1,1,0
3,f,398,1,0,0
3,a,1173,0,0,0
2,c,1582,0,0,0
4,f,1097,0,0,0
3,f,694,0,0,0
4,f,277,1,0,0
4,f,1759,0,0,0
4,f,330,1,1,0
4,a,336,1,1,0
3,f,419,0,0,0
3,f,258,1,1,0
1,c,1760,0,0,0
4,f,394,0,0,0
3,a,105,1,0,0
3,f,61,0,0,0
4,g,155,0,0,0
4,d,35,1,0,0
4,g,321,0,0,0
1,c,1194,0,0,0
3,d,388,1,0,0
2,c,497,1,0,0
3,f,1798,0,0,0
4,f,422,1,1,0
1,b,1576,0,0,0
2,b,474,0,0,0
3,d,1465,0,0,0
4,f,333,0,0,0
2,b,372,1,1,0
4,a,383,1,0,0
2,e,508,0,0,0
4,d,495,1,0,0
2,e,257,1,1,0
3,a,671,0,0,0
2,e,946,0,0,0
2,e,196,0,0,0
3,g,272,1,0,0
3,g,1459,0,0,0
3,g,557,1,1,0
3,a,108,1,0,0
2,c,456,1,1,0
3,d,189,1,0,0
3,d,105,1,1,0
2,b,464,1,0,0
1,b,106,1,0,0
2,c,329,1,0,0
2,c,197,1,0,0
4,g,190,1,0,0
2,c,984,0,0,0
4,d,499,1,0,0
1,c,332,1,1,0
4,f,374,1,0,0
1,c,1532,0,0,0
3,f,12,1,0,0
3,d,1330,0,0,0
4,f,667,0,0,0
1,c,92,1,0,0
4,a,305,1,1,0
4,f,853,0,0,0
4,f,1702,0,0,0
4,g,239,1,1,0
4,a,1982,0,0,0
4,d,189,1,0,0
2,c,1050,0,0,0
1,e,179,1,0,0
3,d,176,0,0,0
1,b,143,1,0,0
2,e,77,0,0,0
4,g,143,1,1,0
3,g,425,1,0,0
2,e,350,1,0,0
1,e,142,1,0,0
3,d,765,0,0,0
3,a,579,0,0,0
1,c,559,0,0,0
2,e,356,1,0,0
3,g,904,0,0,0
3,a,1589,0,0,0
1,b,1141,0,0,0
4,d,546,0,0,0
4,f,572,0,0,0
2,b,1882,0,0,0
2,c,475,1,1,0
4,d,848,0,0,0
4,f,106,1,0,0
3,a,366,1,1,0
4,g,1416,0,0,0
1,b,62,1,0,0
1,b,1329,0,0,0
1,c,1912,0,0,0
2,b,293,1,0,0
4,f,43,1,0,0
3,f,1851,0,0,0
4,d,730,0,0,0
4,d,243,1,0,0
4,f,440,1,0,0
2,c,282,1,0,0
4,a,1279,0,0,0
3,f,365,1,1,0
4,f,1883,0,0,0
3,d,286,1,1,0
1,c,332,0,0,0
1,e,415,1,0,0
3,g,178,0,0,0
3,f,358,0,0,0
2,e,376,0,0,0
3,d,123,0,0,0
2,c,131,1,1,0
3,a,1691,0,0,0
2,e,1452,0,0,0
3,f,105,1,0,0
4,g,445,1,0,0
3,f,1548,0,0,0
4,d,1949,0,0,0
2,e,78,1,0,0
1,c,348,0,0,0
4,g,275,0,0,0
4,g,1852,0,0,0
3,a,381,0,0,0
2,c,479,1,1,0
4,a,1056,0,0,0
1,e,82,0,0,0
3,d,739,0,0,0
4,f,127,0,0,0
1,e,219,1,1,0
3,g,1671,0,0,0
3,g,334,1,1,0
2,b,1438,0,0,0
2,e,167,1,1,0
4,g,177,0,0,0
4,a,370,1,1,0
3,a,1634,0,0,0
3,f,110,0,0,0
4,a,357,1,0,0
1,b,1457,0,0,0
1,e,319,1,0,0
3,d,422,1,0,0
3,d,1283,0,0,0
1,b,1001,0,0,0
4,g,70,0,0,0
4,d,121,1,0,0
3,g,1371,0,0,0
4,f,258,1,0,0
2,c,1289,0,0,0
3,f,240,1,0,0
2,b,200,1,0,0
3,f,1818,0,0,0
1,b,244,1,1,0
3,a,353,0,0,0
2,c,1711,0,0,0
1,c,516,0,0,0
1,e,278,1,0,0
1,c,386,1,1,0
3,a,408,0,0,0
3,a,1856,0,0,0
3,f,187,1,0,0
4,g,1927,0,0,0
3,g,58,1,0,0
3,f,1528,0,0,0
1,b,171,1,0,0
2,c,317,1,1,0
2,e,1093,0,0,0
2,c,143,1,1,0
4,a,339,0,0,0
3,d,377,1,1,0
3,a,77,1,0,0
4,d,262,1,0,0
4,d,175,1,0,0
4,g,1795,0,0,0
2,b,90,1,0,0
3,f,269,1,0,0
2,e,1883,0,0,0
4,a,344,0,0,0
3,g,222,1,1,0
4,g,57,1,0,0
3,f,120,1,0,0
4,a,146,0,0,0
3,d,177,1,0,0
4,f,1249,0,0,0
4,f,107,0,0,0
3,d,1091,0,0,0
1,c,39,0,0,0
1,e,1046,0,0,0
2,b,1319,0,0,0
3,a,310,1,0,0
2,c,72,1,0,0
4,f,1741,0,0,0
1,e,707,0,0,0
4,g,10,1,0,0
3,g,419,1,0,0
1,e,327,1,0,0
1,c,420,1,1,0
2,c,913,0,0,0
2,b,496,0,0,0
1,c,237,1,0,0
4,a,150,0,0,0
4,g,116,1,0,0
4,d,106,1,0,0
4,a,1217,0,0,0
4,f,893,0,0,0
3,a,1734,0,0,0
3,d,399,1,0,0
3,a,17,1,0,0
3,a,352,1,1,0
2,e,481,1,0,0
4,f,1996,0,0,0
3,a,10,0,0,0
1,b,1767,0,0,0
4,f,1225,0,0,0
4,f,1055,0,0,0
4,a,1574,0,0,0
1,b,89,0,0,0
3,f,1329,0,0,0
3,d,724,0,0,0
4,a,251,1,0,0
4,g,401,1,0,0
3,f,116,0,0,0
3,d,64,0,0,0
2,e,371,1,0,0
4,g,86,1,1,0
1,b,605,0,0,0
2,e,1451,0,0,0
3,g,150,1,1,0
4,d,1574,0,0,0
3,f,103,1,1,0
4,a,319,1,0,0
2,c,785,0,0,0
4,g,1663,0,0,0
1,e,16,1,0,0
4,a,63,1,0,0
2,e,261,1,0,0
2,e,477,1,0,0
2,c,155,1,1,0
3,d,138,1,0,0
1,e,609,0,0,0
3,f,1931,0,0,0
4,d,1865,0,0,0
4,a,354,1,1,0
4,d,483,1,0,0
2,c,1995,0,0,0
4,a,442,1,0,0
1,b,378,1,0,0
3,a,792,0,0,0
4,f,139,1,0,0
3,d,23,1,0,0
2,b,395,1,0,0
4,a,1645,0,0,0
1,b,450,0,0,0
1,e,67,0,0,0
2,b,198,0,0,0
4,d,1770,0,0,0
2,b,860,0,0,0
2,b,1219,0,0,0
2,b,393,1,0,0
1,c,1205,0,0,0
4,f,996,0,0,0
2,c,246,0,0,0
4,g,331,1,1,0
4,a,463,0,0,0
3,f,307,0,0,0
2,b,232,1,1,0
4,d,107,1,1,0
1,c,323,1,0,0
1,c,6,0,0,0
4,f,589,0,0,0
3,d,1811,0,0,0
2,e,101,1,0,0
1,c,1339,0,0,0
4,f,153,1,1,0
3,a,406,1,0,0
3,d,152,0,0,0
4,f,1700,0,0,0
2,b,303,1,0,0
2,e,291,1,0,0
3,a,1615,0,0,0
4,f,186,1,0,0
4,a,1495,0,0,0
4,d,1121,0,0,0
1,e,235,1,0,0
4,g,365,1,1,0
4,f,1550,0,0,0
3,g,372,1,0,0
4,f,282,0,0,0
2,e,23,0,0,0
4,f,254,0,0,0
3,a,664,0,0,0
2,b,928,1,1,51
4,g,728,0,0,0
3,g,486,1,0,0
3,a,20,1,0,0
4,g,454,0,0,0
3,g,1295,0,0,0
3,d,254,1,0,0
3,d,388,1,1,0
4,a,1656,0,0,0
2,b,683,0,0,0
1,b,287,1,0,0
1,c,1883,1,1,0
1,e,390,1,0,0
2,b,942,0,0,0
3,a,1710,0,0,0
4,g,1242,0,0,0
1,e,1278,0,0,0
3,f,56,0,0,0
2,b,470,1,1,0
1,c,495,1,0,0
3,f,338,0,0,0
1,e,32,0,0,0
3,a,546,0,0,0
3,f,1825,0,0,0
1,c,21,1,0,0
4,f,1597,0,0,0
1,e,358,1,0,0
4,d,1965,0,0,0
3,f,59,1,0,0
1,e,270,1,0,0
3,g,426,0,0,0
2,c,1448,0,0,0
4,f,158,1,0,0
1,c,342,1,1,0
2,b,1758,0,0,0
3,g,58,0,0,0
2,b,620,0,0,0
3,a,1687,0,0,0
4,d,133,1,0,0
2,e,336,1,0,0
3,d,227,1,1,0
3,g,381,0,0,0
4,d,1237,0,0,0
4,d,466,0,0,0
4,d,1274,0,0,0
4,f,77,1,0,0
2,e,499,1,0,0
3,a,477,1,1,0
4,f,30,1,0,0
1,b,1666,0,0,0
3,f,397,1,0,0
2,b,1421,0,0,0
4,g,1769,0,0,0
4,g,403,0,0,0
1,b,1900,0,0,0
1,b,365,1,0,0
3,d,204,1,1,0
1,b,192,0,0,0
3,a,470,0,0,0
4,a,1429,0,0,0
1,c,191,1,0,0
2,b,1242,0,0,0
2,c,301,1,0,0
4,g,358,1,0,0
4,f,238,1,1,0
1,b,304,1,0,0
3,d,206,0,0,0
4,g,194,1,0,0
3,g,615,0,0,0
3,f,871,1,1,72
1,e,1786,0,0,0
1,c,438,1,0,0
3,f,268,0,0,0
3,a,1148,0,0,0
4,g,620,0,0,0
3,g,634,0,0,0
4,a,1541,0,0,0
2,b,243,1,1,0
1,c,91,1,1,0
2,b,1015,0,0,0
1,c,83,1,1,0
3,f,182,0,0,0
2,e,602,0,0,0
1,c,332,1,0,0
2,b,254,1,1,0
2,b,1213,0,0,0
3,a,858,0,0,0
3,g,195,1,0,0
4,g,62,1,1,0
3,d,330,1,0,0
4,g,58,1,0,0
4,a,365,1,0,0
4,f,62,1,0,0
4,d,23,0,0,0
4,d,489,0,0,0
3,g,411,1,0,0
2,c,476,1,1,0
3,d,381,1,0,0
4,g,199,1,0,0
4,d,12,1,0,0
3,a,157,1,0,0
3,f,1214,0,0,0
3,a,69,1,0,0
2,b,317,1,0,0
1,e,1976,0,0,0
1,e,255,1,0,0
2,e,26,1,0,0
3,a,80,0,0,0
1,e,17,1,0,0
2,e,207,1,0,0
1,c,381,0,0,0
2,c,1039,0,0,0
1,c,255,1,0,0
2,b,27,1,0,0
3,d,397,1,0,0
2,e,125,1,0,0
3,d,616,0,0,0
2,c,221,1,1,0
2,b,101,1,1,0
2,b,3,1,0,0
1,e,211,1,0,0
2,b,376,1,1,0
4,d,418,1,0,0
3,g,1415,0,0,0
4,d,1762,0,0,0
4,g,1870,0,0,0
2,c,90,0,0,0
2,b,970,0,0,0
3,g,799,0,0,0
3,f,338,1,0,0
4,f,417,1,0,0
4,g,370,0,0,0
4,d,1258,0,0,0
2,b,345,0,0,0
1,e,376,1,0,0
4,f,178,1,0,0
3,a,1149,0,0,0
2,b,446,1,1,0
3,d,341,1,0,0
2,c,435,1,0,0
3,d,226,1,0,0
1,e,263,1,0,0
1,e,467,0,0,0
1,c,1863,0,0,0
4,a,451,1,0,0
4,d,1949,0,0,0
4,a,60,1,0,0
4,f,231,1,0,0
4,a,163,1,0,0
1,b,1734,0,0,0
4,g,143,1,0,0
1,e,234,1,1,0
4,d,1312,0,0,0
3,d,347,1,1,0
3,g,615,0,0,0
1,c,75,1,1,0
2,c,1626,0,0,0
1,c,743,0,0,0
2,c,1217,0,0,0
2,e,348,0,0,0
4,f,198,0,0,0
1,b,1149,0,0,0
4,f,410,1,0,0
4,g,485,0,0,0
2,b,460,1,1,0
4,a,498,1,1,0
1,c,150,1,0,0
4,g,1847,0,0,0
1,e,313,1,0,0
2,c,267,1,0,0
4,d,251,1,1,0
2,c,39,1,0,0
4,a,320,1,0,0
1,b,16,0,0,0
4,a,503,0,0,0
4,f,886,0,0,0
4,d,696,0,0,0
3,a,1870,0,0,0
3,g,134,0,0,0
3,a,1965,0,0,0
2,b,1395,0,0,0
1,e,837,0,0,0
3,f,289,1,1,0
2,c,425,1,1,0
1,c,333,0,0,0
3,a,435,1,1,0
1,c,530,0,0,0
4,g,280,1,1,0
3,f,495,1,0,0
2,c,557,0,0,0
1,e,225,0,0,0
1,c,1323,0,0,0
2,b,885,0,0,0
4,g,1991,0,0,0
2,c,254,1,0,0
1,e,332,1,0,0
2,b,1067,0,0,0
4,f,348,1,0,0
4,d,182,1,0,0
4,d,281,1,0,0
4,f,1478,0,0,0
1,c,894,0,0,0
4,a,1588,0,0,0
2,b,215,1,0,0
4,d,626,0,0,0
2,b,1323,0,0,0
4,f,8,0,0,0
3,d,1549,0,0,0
3,g,589,0,0,0
1,c,858,0,0,0
1,b,202,1,0,0
3,g,1490,0,0,0
3,d,469,1,1,0
2,b,267,1,0,0
4,f,455,1,0,0
1,b,1410,0,0,0
4,f,291,1,0,0
4,g,237,1,0,0
2,b,251,1,1,0
4,f,481,1,0,0
2,e,1,1,0,0
4,f,971,0,0,0
